,img_id,scene1,scene2,scene3,scene4,scene5
0,1,'runway','highway','parking_lot','sky','racecourse'
1,2,'runway','highway','wind_farm','windmill','sky'
2,3,'wind_farm','bayou','marsh','pond','river'
3,4,'highway','forest_road','runway','sky','wind_farm'
4,5,'supermarket','railroad_track','boardwalk','candy_store','staircase'
5,6,'highway','crosswalk','skyscraper','office_building','bridge'
6,7,'runway','crosswalk','mausoleum','palace','office_building'
7,8,'highway','railroad_track','crosswalk','train_railway','train_station'
8,9,'office_building','hospital','crosswalk','highway','plaza'
9,10,'hospital','office_building','parking_lot','building_facade','plaza'
10,11,'parking_lot','highway','hospital','office_building','crosswalk'
11,12,'stadium','stadium','airport_terminal','baseball_field','plaza'
12,13,'parking_lot','hospital','motel','office_building','apartment_building'
13,14,'parking_lot','residential_neighborhood','apartment_building','hospital','office_building'
14,15,'parking_lot','apartment_building','motel','residential_neighborhood','office_building'
15,16,'parking_lot','office_building','residential_neighborhood','hospital','apartment_building'
16,17,'forest_road','forest_path','rainforest','driveway','swamp'
17,18,'orchard','forest_path','field','tree_farm','botanical_garden'
18,19,'forest_road','forest_path','driveway','highway','field'
19,20,'field','forest_path','forest_road','orchard','field'
20,21,'chalet','parking_lot','residential_neighborhood','church','inn'
21,22,'alley','residential_neighborhood','crosswalk','apartment_building','office_building'
22,23,'residential_neighborhood','apartment_building','crosswalk','office_building','plaza'
23,24,'crosswalk','parking_lot','residential_neighborhood','restaurant_patio','plaza'
24,25,'fire_escape','motel','yard','building_facade','mansion'
25,26,'residential_neighborhood','parking_lot','apartment_building','office_building','building_facade'
26,27,'driveway','parking_lot','apartment_building','motel','residential_neighborhood'
27,28,'parking_lot','hospital','office_building','plaza','highway'
28,29,'pavilion','picnic_area','amphitheater','gas_station','playground'
29,30,'driveway','forest_road','highway','tree_farm','botanical_garden'
30,31,'picnic_area','pavilion','forest_road','forest_path','botanical_garden'
31,32,'forest_road','driveway','picnic_area','forest_path','highway'
32,33,'parking_lot','highway','residential_neighborhood','crosswalk','driveway'
33,34,'residential_neighborhood','apartment_building','fire_escape','motel','parking_lot'
34,35,'residential_neighborhood','apartment_building','alley','hotel','inn'
35,36,'parking_lot','driveway','highway','boat_deck','gas_station'
36,37,'yard','courtyard','driveway','formal_garden','cottage_garden'
37,38,'highway','river','bayou','bridge','dam'
38,39,'highway','river','parking_lot','forest_road','driveway'
39,40,'campsite','chalet','yard','forest_road','residential_neighborhood'
40,41,'hospital','apartment_building','office_building','residential_neighborhood','motel'
41,42,'parking_lot','office_building','hospital','residential_neighborhood','apartment_building'
42,43,'office_building','hospital','apartment_building','building_facade','construction_site'
43,44,'office_building','hospital','apartment_building','parking_lot','construction_site'
44,45,'motel','apartment_building','inn','hospital','parking_lot'
45,46,'highway','residential_neighborhood','forest_road','crosswalk','parking_lot'
46,47,'residential_neighborhood','driveway','motel','inn','mansion'
47,48,'residential_neighborhood','highway','driveway','parking_lot','crosswalk'
48,49,'motel','parking_lot','fire_station','alley','hospital'
49,50,'fire_station','office_building','building_facade','hospital','apartment_building'
50,51,'hospital','office_building','building_facade','highway','fire_station'
51,52,'apartment_building','residential_neighborhood','hospital','office_building','building_facade'
52,53,'parking_lot','hospital','office_building','building_facade','driveway'
53,54,'highway','parking_lot','forest_road','residential_neighborhood','railroad_track'
54,55,'parking_lot','highway','residential_neighborhood','motel','driveway'
55,56,'highway','residential_neighborhood','crosswalk','restaurant_patio','veranda'
56,57,'parking_lot','residential_neighborhood','crosswalk','highway','plaza'
57,58,'parking_lot','driveway','residential_neighborhood','motel','highway'
58,59,'residential_neighborhood','parking_lot','alley','apartment_building','driveway'
59,60,'crosswalk','parking_lot','runway','highway','gas_station'
60,61,'residential_neighborhood','driveway','mansion','river','yard'
61,62,'chalet','cottage_garden','yard','shed','pond'
62,63,'forest_road','highway','tree_farm','driveway','river'
63,64,'dock','pond','marsh','watering_hole','river'
64,65,'residential_neighborhood','apartment_building','crosswalk','parking_lot','office_building'
65,66,'parking_lot','residential_neighborhood','motel','apartment_building','crosswalk'
66,67,'parking_lot','hospital','plaza','office_building','residential_neighborhood'
67,68,'driveway','motel','inn','courtyard','yard'
68,69,'hospital','apartment_building','building_facade','residential_neighborhood','office_building'
69,70,'residential_neighborhood','office_building','apartment_building','crosswalk','plaza'
70,71,'harbor','dock','river','boat_deck','apartment_building'
71,72,'apartment_building','hotel','inn','residential_neighborhood','mansion'
72,73,'parking_lot','residential_neighborhood','crosswalk','highway','driveway'
73,74,'mansion','courtyard','inn','apartment_building','hotel'
74,75,'picnic_area','yard','fairway','golf_course','pasture'
75,76,'parking_lot','residential_neighborhood','inn','motel','mansion'
76,77,'pond','pasture','river','tree_farm','watering_hole'
77,78,'picnic_area','fairway','golf_course','forest_road','botanical_garden'
78,79,'cemetery','botanical_garden','picnic_area','fountain','fairway'
79,80,'pond','cemetery','bayou','botanical_garden','picnic_area'
80,10001,'residential_neighborhood','parking_lot','alley','highway','apartment_building'
81,10002,'apartment_building','office_building','building_facade','hospital','hotel'
82,10003,'crosswalk','hospital','residential_neighborhood','apartment_building','office_building'
83,10004,'dock','harbor','coast','river','ocean'
84,10005,'playground','construction_site','gas_station','water_tower','airport_terminal'
85,81,'highway','residential_neighborhood','hospital','office_building','plaza'
86,82,'residential_neighborhood','parking_lot','crosswalk','hospital','office_building'
87,83,'highway','office_building','crosswalk','apartment_building','motel'
88,84,'parking_lot','highway','crosswalk','residential_neighborhood','driveway'
89,85,'motel','plaza','inn','residential_neighborhood','apartment_building'
90,86,'alley','building_facade','residential_neighborhood','office_building','apartment_building'
91,87,'doorway','building_facade','apartment_building','arch','mansion'
92,88,'residential_neighborhood','plaza','apartment_building','office_building','crosswalk'
93,89,'office_building','building_facade','motel','plaza','apartment_building'
94,90,'hospital','courtyard','office_building','motel','parking_lot'
95,91,'residential_neighborhood','hospital','office_building','apartment_building','mansion'
96,92,'hospital','parking_lot','office_building','motel','residential_neighborhood'
97,93,'shopfront','building_facade','crosswalk','alley','office_building'
98,94,'crosswalk','office_building','highway','building_facade','construction_site'
99,95,'office_building','building_facade','apartment_building','hospital','crosswalk'
100,96,'office_building','crosswalk','building_facade','palace','apartment_building'
101,97,'wheat_field','corn_field','field','field','pasture'
102,98,'forest_road','highway','driveway','runway','corn_field'
103,99,'corn_field','wheat_field','field','field','pasture'
104,100,'wheat_field','corn_field','field','tree_farm','highway'
105,101,'hospital','crosswalk','office_building','residential_neighborhood','parking_lot'
106,102,'highway','church','residential_neighborhood','office_building','parking_lot'
107,103,'crosswalk','office_building','hospital','apartment_building','residential_neighborhood'
108,104,'crosswalk','residential_neighborhood','parking_lot','apartment_building','hospital'
109,105,'crosswalk','residential_neighborhood','apartment_building','office_building','highway'
110,106,'shopfront','building_facade','office_building','apartment_building','plaza'
111,107,'building_facade','shopfront','office_building','alley','apartment_building'
112,108,'palace','plaza','mansion','castle','building_facade'
113,109,'parking_lot','plaza','courtyard','motel','crosswalk'
114,110,'mausoleum','arch','pavilion','water_tower','parking_lot'
115,111,'parking_lot','fire_station','courthouse','office_building','hospital'
116,112,'crosswalk','residential_neighborhood','office_building','highway','plaza'
117,113,'office_building','hospital','courthouse','plaza','building_facade'
118,114,'highway','residential_neighborhood','motel','crosswalk','forest_road'
119,115,'parking_lot','highway','residential_neighborhood','motel','office_building'
120,116,'highway','crosswalk','residential_neighborhood','office_building','viaduct'
121,117,'residential_neighborhood','apartment_building','building_facade','office_building','mansion'
122,118,'plaza','courtyard','church','courthouse','fire_station'
123,119,'residential_neighborhood','plaza','parking_lot','market','apartment_building'
124,120,'residential_neighborhood','parking_lot','apartment_building','driveway','crosswalk'
125,121,'highway','parking_lot','hospital','crosswalk','fire_station'
126,122,'hospital','driveway','parking_lot','office_building','apartment_building'
127,123,'highway','residential_neighborhood','parking_lot','crosswalk','forest_road'
128,124,'highway','parking_lot','runway','forest_road','coast'
129,125,'inn','cottage_garden','courtyard','motel','chalet'
130,126,'residential_neighborhood','inn','driveway','chalet','parking_lot'
131,127,'driveway','residential_neighborhood','yard','mansion','schoolhouse'
132,128,'residential_neighborhood','chalet','driveway','motel','mansion'
133,129,'motel','residential_neighborhood','parking_lot','apartment_building','office_building'
134,130,'motel','inn','driveway','hospital','parking_lot'
135,131,'highway','residential_neighborhood','office_building','apartment_building','hospital'
136,132,'motel','inn','hospital','building_facade','mansion'
137,133,'highway','office_building','alley','building_facade','hospital'
138,134,'windmill','wind_farm','highway','water_tower','tower'
139,135,'highway','water_tower','coast','ocean','parking_lot'
140,136,'shed','doorway','chalet','driveway','schoolhouse'
141,137,'residential_neighborhood','apartment_building','hospital','parking_lot','highway'
142,138,'residential_neighborhood','driveway','plaza','mansion','inn'
143,139,'residential_neighborhood','apartment_building','hospital','office_building','highway'
144,140,'crosswalk','residential_neighborhood','hospital','apartment_building','office_building'
145,141,'residential_neighborhood','parking_lot','apartment_building','office_building','hospital'
146,142,'parking_lot','residential_neighborhood','driveway','highway','alley'
147,143,'motel','residential_neighborhood','inn','mansion','driveway'
148,144,'residential_neighborhood','parking_lot','abbey','mansion','highway'
149,145,'patio','motel','restaurant_patio','courtyard','inn'
150,146,'parking_lot','motel','apartment_building','residential_neighborhood','inn'
151,147,'water_tower','yard','shed','office_building','mausoleum'
152,148,'residential_neighborhood','apartment_building','motel','hospital','alley'
153,149,'chalet','inn','residential_neighborhood','hotel','mansion'
154,150,'motel','building_facade','hospital','office_building','apartment_building'
155,151,'parking_lot','driveway','motel','hospital','courtyard'
156,152,'residential_neighborhood','playground','yard','motel','driveway'
157,153,'residential_neighborhood','mansion','driveway','inn','church'
158,154,'driveway','residential_neighborhood','yard','inn','mansion'
159,155,'residential_neighborhood','driveway','parking_lot','motel','hospital'
160,156,'mansion','apartment_building','driveway','hospital','residential_neighborhood'
161,157,'office_building','plaza','building_facade','courtyard','apartment_building'
162,158,'office_building','plaza','building_facade','skyscraper','hospital'
163,159,'office_building','plaza','building_facade','apartment_building','palace'
164,160,'office_building','plaza','shopfront','building_facade','apartment_building'
165,161,'playground','plaza','picnic_area','pavilion','driveway'
166,162,'hospital','office_building','apartment_building','residential_neighborhood','driveway'
167,163,'parking_lot','hospital','restaurant_patio','plaza','harbor'
168,164,'picnic_area','pavilion','parking_lot','highway','forest_road'
169,165,'chalet','inn','residential_neighborhood','veranda','patio'
170,166,'mansion','driveway','inn','residential_neighborhood','chalet'
171,167,'cottage_garden','topiary_garden','formal_garden','inn','mansion'
172,168,'orchard','driveway','tree_farm','yard','botanical_garden'
173,169,'palace','office_building','courthouse','residential_neighborhood','mansion'
174,170,'building_facade','courtyard','alley','crosswalk','plaza'
175,171,'residential_neighborhood','crosswalk','apartment_building','office_building','highway'
176,172,'office_building','apartment_building','hospital','residential_neighborhood','courtyard'
177,173,'residential_neighborhood','driveway','apartment_building','hospital','office_building'
178,174,'residential_neighborhood','alley','driveway','apartment_building','crosswalk'
179,175,'apartment_building','inn','residential_neighborhood','alley','plaza'
180,176,'residential_neighborhood','apartment_building','alley','inn','office_building'
181,177,'hospital','parking_lot','office_building','fire_station','highway'
182,178,'plaza','pavilion','parking_lot','office_building','hospital'
183,179,'driveway','formal_garden','residential_neighborhood','yard','cottage_garden'
184,180,'driveway','formal_garden','residential_neighborhood','yard','cottage_garden'
185,181,'highway','forest_road','windmill','wind_farm','crosswalk'
186,182,'runway','highway','parking_lot','campsite','racecourse'
187,183,'highway','sky','runway','forest_road','parking_lot'
188,184,'wind_farm','windmill','highway','forest_road','orchard'
189,185,'residential_neighborhood','driveway','hospital','apartment_building','office_building'
190,186,'motel','residential_neighborhood','inn','hospital','office_building'
191,187,'parking_lot','office_building','apartment_building','residential_neighborhood','hospital'
192,188,'residential_neighborhood','driveway','apartment_building','parking_lot','hospital'
193,189,'alley','apartment_building','office_building','residential_neighborhood','building_facade'
194,190,'motel','veranda','inn','hotel','doorway'
195,191,'veranda','courtyard','apartment_building','inn','hotel'
196,192,'hospital','courtyard','office_building','apartment_building','hotel'
197,193,'cottage_garden','chalet','inn','schoolhouse','mansion'
198,194,'forest_road','forest_path','formal_garden','driveway','field'
199,195,'field','field','cottage_garden','botanical_garden','tree_farm'
200,196,'driveway','formal_garden','cottage_garden','topiary_garden','botanical_garden'
201,197,'highway','wind_farm','windmill','forest_road','water_tower'
202,198,'motel','driveway','schoolhouse','residential_neighborhood','inn'
203,199,'schoolhouse','tree_farm','driveway','forest_road','orchard'
204,200,'gas_station','parking_lot','hospital','fire_station','crosswalk'
205,201,'crosswalk','highway','residential_neighborhood','office_building','apartment_building'
206,202,'office_building','apartment_building','crosswalk','building_facade','residential_neighborhood'
207,203,'highway','crosswalk','residential_neighborhood','office_building','hospital'
208,204,'shopfront','coffee_shop','building_facade','bakery','inn'
209,205,'parking_lot','dock','inn','harbor','motel'
210,206,'hospital','residential_neighborhood','apartment_building','motel','office_building'
211,207,'courtyard','hospital','office_building','building_facade','apartment_building'
212,208,'parking_lot','garbage_dump','residential_neighborhood','phone_booth','alley'
213,209,'residential_neighborhood','parking_lot','apartment_building','crosswalk','office_building'
214,210,'courtyard','patio','yard','apartment_building','hospital'
215,211,'residential_neighborhood','alley','apartment_building','inn','hotel'
216,212,'courtyard','inn','hospital','building_facade','apartment_building'
217,213,'crosswalk','residential_neighborhood','inn','motel','apartment_building'
218,214,'residential_neighborhood','office_building','building_facade','plaza','courtyard'
219,215,'apartment_building','office_building','building_facade','hospital','plaza'
220,216,'alley','motel','shopfront','inn','hospital'
221,217,'plaza','botanical_garden','driveway','parking_lot','orchard'
222,218,'plaza','palace','courtyard','office_building','courthouse'
223,219,'inn','shed','chalet','fire_station','mansion'
224,220,'plaza','apartment_building','hotel','residential_neighborhood','office_building'
225,221,'yard','formal_garden','botanical_garden','cottage_garden','courtyard'
226,222,'residential_neighborhood','motel','driveway','apartment_building','mansion'
227,223,'apartment_building','office_building','building_facade','parking_lot','residential_neighborhood'
228,224,'parking_lot','residential_neighborhood','driveway','apartment_building','hospital'
229,225,'office_building','building_facade','hospital','hotel','courtyard'
230,226,'office_building','courtyard','building_facade','plaza','apartment_building'
231,227,'highway','office_building','residential_neighborhood','crosswalk','hospital'
232,228,'hospital','office_building','pavilion','building_facade','courthouse'
233,229,'inn','apartment_building','courtyard','restaurant_patio','hospital'
234,230,'residential_neighborhood','crosswalk','apartment_building','highway','parking_lot'
235,231,'parking_lot','hospital','residential_neighborhood','apartment_building','office_building'
236,232,'hospital','office_building','building_facade','parking_lot','palace'
237,233,'marsh','bayou','swamp','creek','river'
238,234,'marsh','corn_field','forest_road','river','bayou'
239,235,'wheat_field','field','pasture','field','corn_field'
240,236,'wheat_field','pasture','tree_farm','schoolhouse','driveway'
241,237,'tree_farm','sky','botanical_garden','driveway','highway'
242,238,'yard','picnic_area','driveway','playground','parking_lot'
243,239,'parking_lot','highway','forest_road','residential_neighborhood','campsite'
244,240,'highway','parking_lot','forest_road','tree_farm','botanical_garden'
245,241,'forest_road','highway','driveway','parking_lot','tree_farm'
246,242,'highway','bridge','viaduct','railroad_track','crosswalk'
247,243,'highway','forest_road','crosswalk','parking_lot','runway'
248,244,'highway','forest_road','bridge','crosswalk','residential_neighborhood'
249,245,'hospital','office_building','plaza','apartment_building','hotel'
250,246,'pond','river','golf_course','bayou','watering_hole'
251,247,'highway','parking_lot','driveway','forest_road','residential_neighborhood'
252,248,'hospital','office_building','building_facade','plaza','courtyard'
253,249,'parking_lot','residential_neighborhood','highway','motel','driveway'
254,250,'parking_lot','motel','apartment_building','plaza','courtyard'
255,251,'parking_lot','residential_neighborhood','highway','driveway','sky'
256,252,'courtyard','hospital','plaza','apartment_building','parking_lot'
257,253,'hospital','office_building','airport_terminal','parking_lot','plaza'
258,254,'hospital','motel','office_building','veranda','construction_site'
259,255,'office_building','airport_terminal','hospital','train_station','building_facade'
260,256,'courtyard','motel','hospital','office_building','plaza'
261,257,'residential_neighborhood','apartment_building','alley','crosswalk','office_building'
262,258,'mansion','doorway','inn','courtyard','yard'
263,259,'inn','alley','apartment_building','residential_neighborhood','hotel'
264,260,'courtyard','patio','apartment_building','doorway','inn'
265,261,'orchard','tree_farm','forest_path','forest_road','botanical_garden'
266,262,'hospital','highway','chalet','motel','bridge'
267,263,'courtyard','motel','plaza','apartment_building','inn'
268,264,'driveway','forest_road','orchard','tree_farm','parking_lot'
269,265,'highway','sky','bridge','viaduct','forest_road'
270,266,'highway','parking_lot','construction_site','motel','hospital'
271,267,'highway','bridge','viaduct','sky','forest_road'
272,268,'dam','construction_site','highway','parking_lot','harbor'
273,269,'highway','runway','parking_lot','forest_road','pasture'
274,270,'highway','runway','sky','parking_lot','crosswalk'
275,271,'highway','train_railway','railroad_track','parking_lot','runway'
276,272,'highway','runway','pavilion','parking_lot','plaza'
277,273,'highway','residential_neighborhood','parking_lot','crosswalk','forest_road'
278,274,'residential_neighborhood','apartment_building','parking_lot','crosswalk','mansion'
279,275,'residential_neighborhood','highway','parking_lot','crosswalk','plaza'
280,276,'plaza','baseball_field','construction_site','stadium','parking_lot'
281,277,'forest_road','highway','field','orchard','pasture'
282,278,'forest_road','forest_path','botanical_garden','driveway','field'
283,279,'bayou','river','marsh','pond','creek'
284,280,'pond','marsh','river','forest_road','bayou'
285,281,'parking_lot','driveway','yard','residential_neighborhood','orchard'
286,282,'crosswalk','parking_lot','residential_neighborhood','highway','driveway'
287,283,'driveway','yard','construction_site','residential_neighborhood','orchard'
288,284,'residential_neighborhood','motel','parking_lot','mansion','inn'
289,285,'driveway','veranda','residential_neighborhood','cottage_garden','patio'
290,286,'forest_road','forest_path','driveway','highway','picnic_area'
291,287,'picnic_area','bayou','dock','pond','river'
292,288,'highway','forest_road','river','marsh','residential_neighborhood'
293,289,'apartment_building','residential_neighborhood','courtyard','building_facade','office_building'
294,290,'apartment_building','hospital','courtyard','residential_neighborhood','office_building'
295,291,'apartment_building','hospital','courtyard','residential_neighborhood','office_building'
296,292,'residential_neighborhood','apartment_building','hospital','office_building','parking_lot'
297,293,'highway','forest_road','sky','driveway','parking_lot'
298,294,'corn_field','field','tree_farm','field','orchard'
299,295,'highway','motel','forest_road','viaduct','bridge'
300,296,'parking_lot','runway','highway','water_tower','coast'
301,297,'driveway','forest_road','orchard','parking_lot','picnic_area'
302,298,'driveway','forest_road','orchard','tree_farm','highway'
303,299,'highway','forest_road','orchard','parking_lot','driveway'
304,300,'orchard','tree_farm','vegetable_garden','herb_garden','field'
305,301,'forest_road','driveway','tree_farm','highway','forest_path'
306,302,'bayou','dock','marsh','viaduct','bridge'
307,303,'highway','runway','driveway','forest_road','field'
308,304,'runway','corn_field','construction_site','highway','parking_lot'
309,305,'picnic_area','parking_lot','forest_road','botanical_garden','driveway'
310,306,'train_railway','railroad_track','motel','office_building','building_facade'
311,307,'driveway','residential_neighborhood','courtyard','mansion','parking_lot'
312,308,'picnic_area','botanical_garden','orchard','forest_path','herb_garden'
313,309,'forest_road','highway','driveway','field','orchard'
314,310,'marsh','field','orchard','botanical_garden','sky'
315,311,'driveway','residential_neighborhood','highway','forest_road','orchard'
316,312,'shed','yard','chalet','driveway','residential_neighborhood'
317,313,'pond','marsh','river','rice_paddy','field'
318,314,'highway','driveway','forest_road','residential_neighborhood','rice_paddy'
319,315,'construction_site','racecourse','excavation','baseball_field','field'
320,316,'highway','driveway','forest_road','sky','hospital'
321,317,'picnic_area','orchard','yard','botanical_garden','tree_farm'
322,318,'office_building','hotel','building_facade','motel','hospital'
323,319,'motel','parking_lot','boat_deck','office_building','hospital'
324,320,'palace','office_building','pagoda','plaza','courtyard'
325,321,'highway','bridge','viaduct','runway','forest_road'
326,322,'wind_farm','windmill','highway','runway','forest_road'
327,323,'highway','wind_farm','runway','windmill','sky'
328,324,'highway','parking_lot','runway','train_railway','railroad_track'
329,325,'office_building','motel','hospital','hotel','apartment_building'
330,326,'apartment_building','courtyard','hotel','inn','plaza'
331,327,'office_building','inn','building_facade','hospital','apartment_building'
332,328,'pavilion','yard','picnic_area','plaza','playground'
333,329,'yard','driveway','vegetable_garden','herb_garden','patio'
334,330,'crosswalk','residential_neighborhood','highway','office_building','courthouse'
335,331,'building_facade','office_building','crosswalk','apartment_building','basilica'
336,332,'crosswalk','highway','residential_neighborhood','parking_lot','plaza'
337,333,'forest_road','highway','field','tree_farm','forest_path'
338,334,'field','pasture','marsh','pond','field'
339,335,'highway','forest_road','tree_farm','orchard','field'
340,336,'field','corn_field','field','pasture','rice_paddy'
341,337,'driveway','forest_road','highway','parking_lot','yard'
342,338,'residential_neighborhood','apartment_building','yard','driveway','parking_lot'
343,339,'residential_neighborhood','hospital','parking_lot','apartment_building','office_building'
344,340,'highway','crosswalk','residential_neighborhood','parking_lot','driveway'
345,341,'crosswalk','highway','parking_lot','office_building','plaza'
346,342,'runway','highway','parking_lot','crosswalk','construction_site'
347,343,'parking_lot','hospital','highway','motel','construction_site'
348,344,'crosswalk','highway','parking_lot','gas_station','skyscraper'
349,345,'highway','driveway','forest_road','parking_lot','tree_farm'
350,346,'highway','forest_road','parking_lot','driveway','residential_neighborhood'
351,347,'office_building','hospital','building_facade','apartment_building','driveway'
352,348,'highway','crosswalk','forest_road','residential_neighborhood','parking_lot'
353,349,'parking_lot','residential_neighborhood','office_building','driveway','hospital'
354,350,'driveway','doorway','yard','cottage_garden','inn'
355,351,'courtyard','mansion','residential_neighborhood','inn','driveway'
356,352,'parking_lot','hospital','motel','residential_neighborhood','apartment_building'
357,353,'highway','forest_road','orchard','tree_farm','driveway'
358,354,'orchard','wind_farm','windmill','valley','tree_farm'
359,355,'highway','forest_road','tree_farm','driveway','orchard'
360,356,'forest_road','swamp','marsh','corn_field','creek'
361,357,'construction_site','excavation','trench','parking_lot','office_building'
362,358,'construction_site','office_building','hospital','apartment_building','building_facade'
363,359,'parking_lot','residential_neighborhood','hospital','apartment_building','office_building'
364,360,'parking_lot','motel','residential_neighborhood','driveway','apartment_building'
365,361,'courtyard','hospital','apartment_building','inn','mansion'
366,362,'parking_lot','motel','hospital','residential_neighborhood','inn'
367,363,'driveway','inn','parking_lot','motel','courtyard'
368,364,'parking_lot','highway','residential_neighborhood','driveway','forest_road'
369,365,'fairway','chalet','golf_course','mansion','yard'
370,366,'highway','lighthouse','windmill','forest_road','schoolhouse'
371,367,'corn_field','tree_farm','chalet','orchard','field'
372,368,'driveway','pasture','highway','forest_road','tree_farm'
373,369,'orchard','forest_road','forest_path','field','tree_farm'
374,370,'orchard','forest_road','tree_farm','forest_path','driveway'
375,371,'forest_road','field','orchard','driveway','highway'
376,372,'orchard','picnic_area','botanical_garden','forest_road','tree_farm'
377,373,'driveway','parking_lot','orchard','forest_road','field'
378,374,'construction_site','excavation','trench','highway','parking_lot'
379,375,'construction_site','tower','skyscraper','highway','hospital'
380,376,'highway','crosswalk','residential_neighborhood','parking_lot','forest_road'
381,377,'hospital','office_building','airport_terminal','fire_station','building_facade'
382,378,'parking_lot','highway','crosswalk','residential_neighborhood','hospital'
383,379,'motel','hospital','parking_lot','inn','gas_station'
384,380,'highway','parking_lot','fire_station','construction_site','runway'
385,381,'water_tower','office_building','highway','parking_lot','hospital'
386,382,'construction_site','highway','office_building','dam','building_facade'
387,383,'train_railway','railroad_track','hospital','train_station','office_building'
388,384,'highway','forest_road','water_tower','tree_farm','windmill'
389,385,'parking_lot','driveway','residential_neighborhood','plaza','orchard'
390,386,'parking_lot','residential_neighborhood','hospital','apartment_building','driveway'
391,387,'mansion','driveway','courtyard','veranda','inn'
392,388,'courtyard','motel','driveway','mansion','hospital'
393,389,'inn','residential_neighborhood','motel','parking_lot','driveway'
394,390,'motel','parking_lot','inn','residential_neighborhood','driveway'
395,391,'driveway','residential_neighborhood','inn','alley','apartment_building'
396,392,'driveway','cottage_garden','residential_neighborhood','formal_garden','inn'
397,393,'residential_neighborhood','apartment_building','parking_lot','motel','office_building'
398,394,'residential_neighborhood','apartment_building','office_building','inn','parking_lot'
399,395,'picnic_area','parking_lot','playground','bridge','golf_course'
400,396,'parking_lot','plaza','hospital','driveway','highway'
401,397,'highway','sky','forest_road','driveway','palace'
402,398,'bayou','river','raft','pond','picnic_area'
403,399,'highway','forest_road','residential_neighborhood','driveway','sky'
404,400,'driveway','residential_neighborhood','schoolhouse','shed','yard'
405,401,'driveway','topiary_garden','formal_garden','residential_neighborhood','yard'
406,402,'driveway','cottage_garden','courtyard','residential_neighborhood','yard'
407,403,'driveway','residential_neighborhood','yard','motel','parking_lot'
408,404,'driveway','yard','mausoleum','cemetery','formal_garden'
409,405,'residential_neighborhood','highway','parking_lot','forest_road','driveway'
410,406,'office_building','hospital','motel','apartment_building','residential_neighborhood'
411,407,'hospital','office_building','hotel','inn','parking_lot'
412,408,'residential_neighborhood','parking_lot','highway','apartment_building','office_building'
413,409,'pond','marsh','tree_farm','river','botanical_garden'
414,410,'highway','residential_neighborhood','driveway','forest_road','sky'
415,411,'inn','driveway','residential_neighborhood','yard','motel'
416,412,'highway','residential_neighborhood','forest_road','crosswalk','parking_lot'
417,413,'residential_neighborhood','apartment_building','hospital','parking_lot','plaza'
418,414,'hospital','residential_neighborhood','office_building','plaza','parking_lot'
419,415,'apartment_building','hospital','residential_neighborhood','inn','courtyard'
420,416,'apartment_building','hospital','office_building','courtyard','driveway'
421,417,'orchard','yard','tree_farm','field','pasture'
422,418,'cemetery','highway','driveway','forest_road','mausoleum'
423,419,'pasture','field','field','racecourse','sky'
424,420,'pasture','forest_road','tree_farm','field','field'
425,421,'hospital','apartment_building','office_building','hotel','inn'
426,422,'office_building','hospital','apartment_building','building_facade','courthouse'
427,423,'hospital','office_building','building_facade','courtyard','apartment_building'
428,424,'hospital','driveway','office_building','residential_neighborhood','apartment_building'
429,425,'parking_lot','residential_neighborhood','harbor','motel','highway'
430,426,'office_building','parking_lot','plaza','building_facade','driveway'
431,427,'construction_site','office_building','skyscraper','excavation','apartment_building'
432,428,'harbor','dock','construction_site','river','runway'
433,429,'highway','railroad_track','viaduct','bridge','train_station'
434,430,'viaduct','bridge','highway','racecourse','stadium'
435,431,'highway','forest_road','sky','valley','tree_farm'
436,432,'marsh','rice_paddy','swamp','bayou','pond'
437,433,'highway','runway','racecourse','forest_road','pasture'
438,434,'highway','field','field','forest_road','corn_field'
439,435,'highway','pasture','corn_field','field','forest_road'
440,436,'racecourse','pasture','coast','field','baseball_field'
441,437,'residential_neighborhood','apartment_building','parking_lot','driveway','hospital'
442,438,'parking_lot','driveway','residential_neighborhood','yard','highway'
443,439,'highway','driveway','residential_neighborhood','playground','forest_road'
444,440,'driveway','patio','inn','yard','residential_neighborhood'
445,441,'motel','parking_lot','hospital','apartment_building','inn'
446,442,'motel','residential_neighborhood','apartment_building','parking_lot','office_building'
447,443,'inn','motel','mansion','driveway','hotel'
448,444,'motel','parking_lot','hospital','courtyard','inn'
449,445,'parking_lot','driveway','plaza','picnic_area','residential_neighborhood'
450,446,'hospital','office_building','apartment_building','plaza','inn'
451,447,'hospital','office_building','residential_neighborhood','apartment_building','courtyard'
452,448,'residential_neighborhood','driveway','apartment_building','parking_lot','yard'
453,449,'apartment_building','office_building','hospital','building_facade','motel'
454,450,'residential_neighborhood','apartment_building','driveway','hospital','hotel'
455,451,'driveway','apartment_building','inn','mansion','building_facade'
456,452,'residential_neighborhood','office_building','apartment_building','parking_lot','hospital'
457,453,'forest_road','forest_path','field','fairway','golf_course'
458,454,'forest_road','highway','field','tree_farm','forest_path'
459,455,'forest_road','highway','corn_field','tree_farm','forest_path'
460,456,'field','wheat_field','field','pasture','forest_road'
461,457,'hospital','office_building','construction_site','building_facade','fire_station'
462,458,'courtyard','plaza','building_facade','office_building','apartment_building'
463,459,'parking_lot','motel','fire_station','hospital','crosswalk'
464,460,'hospital','office_building','parking_lot','construction_site','apartment_building'
465,461,'highway','forest_road','corn_field','valley','sky'
466,462,'highway','runway','forest_road','sky','corn_field'
467,463,'highway','runway','forest_road','corn_field','wheat_field'
468,464,'highway','wheat_field','corn_field','forest_road','runway'
469,465,'apartment_building','courtyard','building_facade','hospital','office_building'
470,466,'parking_lot','residential_neighborhood','plaza','crosswalk','office_building'
471,467,'hospital','parking_lot','office_building','plaza','apartment_building'
472,468,'residential_neighborhood','parking_lot','apartment_building','office_building','crosswalk'
473,469,'highway','forest_road','driveway','residential_neighborhood','crosswalk'
474,470,'field','field','corn_field','tree_farm','forest_road'
475,471,'highway','forest_road','crosswalk','residential_neighborhood','badlands'
476,472,'highway','parking_lot','forest_road','crosswalk','motel'
477,473,'parking_lot','driveway','highway','cemetery','picnic_area'
478,474,'parking_lot','driveway','yard','highway','residential_neighborhood'
479,475,'motel','highway','parking_lot','crosswalk','office_building'
480,476,'highway','forest_road','parking_lot','crosswalk','valley'
481,477,'parking_lot','residential_neighborhood','apartment_building','hospital','office_building'
482,478,'hospital','parking_lot','driveway','courtyard','office_building'
483,479,'residential_neighborhood','parking_lot','restaurant_patio','plaza','patio'
484,480,'driveway','parking_lot','hospital','residential_neighborhood','mansion'
485,481,'parking_lot','residential_neighborhood','hospital','apartment_building','crosswalk'
486,482,'courtyard','apartment_building','residential_neighborhood','hospital','restaurant_patio'
487,483,'courtyard','parking_lot','hospital','apartment_building','residential_neighborhood'
488,484,'parking_lot','residential_neighborhood','driveway','apartment_building','hospital'
489,485,'hospital','parking_lot','driveway','plaza','office_building'
490,486,'office_building','hospital','bridge','viaduct','fire_station'
491,487,'hospital','plaza','office_building','construction_site','apartment_building'
492,488,'parking_lot','residential_neighborhood','highway','driveway','garbage_dump'
493,489,'residential_neighborhood','highway','driveway','crosswalk','motel'
494,490,'motel','parking_lot','hospital','gas_station','courtyard'
495,491,'forest_road','residential_neighborhood','highway','picnic_area','driveway'
496,492,'motel','hospital','mansion','inn','residential_neighborhood'
497,493,'highway','residential_neighborhood','office_building','bridge','apartment_building'
498,494,'motel','hospital','parking_lot','office_building','apartment_building'
499,495,'railroad_track','driveway','highway','residential_neighborhood','train_railway'
500,496,'apartment_building','hospital','office_building','construction_site','building_facade'
501,497,'crosswalk','residential_neighborhood','highway','parking_lot','railroad_track'
502,498,'botanical_garden','picnic_area','formal_garden','yard','orchard'
503,499,'driveway','residential_neighborhood','formal_garden','parking_lot','botanical_garden'
504,500,'courtyard','hospital','fountain','office_building','plaza'
505,501,'highway','forest_road','driveway','parking_lot','crosswalk'
506,502,'highway','forest_road','parking_lot','driveway','picnic_area'
507,503,'picnic_area','driveway','yard','forest_road','botanical_garden'
508,504,'crosswalk','parking_lot','highway','driveway','forest_road'
509,505,'runway','rice_paddy','corn_field','racecourse','windmill'
510,506,'runway','racecourse','coast','highway','sky'
511,507,'runway','corn_field','racecourse','pasture','fairway'
512,508,'runway','corn_field','stadium','amphitheater','sky'
513,509,'hospital','office_building','plaza','apartment_building','skyscraper'
514,510,'runway','railroad_track','train_railway','highway','pasture'
515,511,'runway','highway','parking_lot','driveway','sky'
516,512,'highway','water_tower','shed','corn_field','hospital'
517,513,'highway','forest_road','driveway','residential_neighborhood','forest_path'
518,514,'pond','golf_course','river','fairway','bayou'
519,515,'tree_farm','orchard','driveway','field','forest_road'
520,516,'field','field','orchard','corn_field','pasture'
521,517,'parking_lot','hospital','office_building','residential_neighborhood','apartment_building'
522,518,'residential_neighborhood','parking_lot','crosswalk','highway','office_building'
523,519,'courtyard','building_facade','office_building','hospital','courthouse'
524,520,'parking_lot','hospital','office_building','residential_neighborhood','plaza'
525,521,'orchard','field','tree_farm','corn_field','field'
526,522,'highway','forest_road','runway','parking_lot','crosswalk'
527,523,'field','fountain','baseball_field','corn_field','stadium'
528,524,'highway','forest_road','driveway','sky','residential_neighborhood'
529,525,'apartment_building','residential_neighborhood','hospital','parking_lot','office_building'
530,526,'construction_site','fire_escape','office_building','hospital','building_facade'
531,527,'residential_neighborhood','office_building','apartment_building','parking_lot','highway'
532,528,'motel','hospital','hotel','office_building','apartment_building'
533,529,'bridge','viaduct','highway','crosswalk','construction_site'
534,530,'construction_site','track','parking_lot','racecourse','fire_escape'
535,531,'bridge','viaduct','highway','arch','parking_lot'
536,532,'viaduct','harbor','bridge','dock','construction_site'
537,533,'highway','residential_neighborhood','parking_lot','forest_road','driveway'
538,534,'highway','field','tree_farm','forest_road','runway'
539,535,'hospital','office_building','parking_lot','apartment_building','residential_neighborhood'
540,536,'hospital','plaza','office_building','apartment_building','courthouse'
541,537,'highway','forest_road','driveway','sky','tree_farm'
542,538,'pond','marsh','bayou','river','swamp'
543,539,'forest_road','driveway','highway','corn_field','tree_farm'
544,540,'marsh','field','corn_field','field','runway'
545,541,'crosswalk','parking_lot','highway','forest_road','runway'
546,542,'highway','parking_lot','crosswalk','runway','hospital'
547,543,'highway','dam','bridge','viaduct','hospital'
548,544,'highway','forest_road','sky','mountain_snowy','mountain'
549,545,'forest_road','highway','forest_path','field','rainforest'
550,546,'field','orchard','pasture','tree_farm','field'
551,547,'forest_road','driveway','highway','residential_neighborhood','parking_lot'
552,548,'parking_lot','driveway','yard','motel','picnic_area'
553,549,'picnic_area','highway','forest_road','parking_lot','playground'
554,550,'construction_site','bridge','office_building','parking_lot','hospital'
555,551,'train_station','train_railway','railroad_track','subway_station','office_building'
556,552,'highway','forest_road','parking_lot','picnic_area','crosswalk'
557,553,'highway','forest_road','sky','parking_lot','crosswalk'
558,554,'highway','crosswalk','runway','parking_lot','railroad_track'
559,555,'highway','forest_road','crosswalk','runway','sky'
560,556,'highway','forest_road','valley','parking_lot','pasture'
561,557,'residential_neighborhood','driveway','highway','forest_road','parking_lot'
562,558,'motel','chalet','campsite','inn','yard'
563,559,'hospital','office_building','motel','residential_neighborhood','crosswalk'
564,560,'parking_lot','highway','crosswalk','orchard','tree_farm'
565,561,'shed','driveway','yard','doorway','fire_station'
566,562,'yard','shed','driveway','residential_neighborhood','chalet'
567,563,'parking_lot','residential_neighborhood','apartment_building','motel','courtyard'
568,564,'apartment_building','residential_neighborhood','building_facade','hospital','courtyard'
569,565,'highway','driveway','forest_road','parking_lot','tree_farm'
570,566,'yard','driveway','pasture','parking_lot','highway'
571,567,'highway','forest_road','driveway','residential_neighborhood','parking_lot'
572,568,'orchard','cottage_garden','botanical_garden','formal_garden','herb_garden'
573,569,'highway','forest_road','orchard','tree_farm','corn_field'
574,570,'highway','parking_lot','forest_road','runway','driveway'
575,571,'highway','forest_road','parking_lot','driveway','orchard'
576,572,'marsh','field','pond','river','bayou'
577,573,'residential_neighborhood','apartment_building','office_building','hospital','highway'
578,574,'picnic_area','field','orchard','yard','field'
579,575,'highway','driveway','residential_neighborhood','forest_road','parking_lot'
580,576,'parking_lot','residential_neighborhood','plaza','chalet','hospital'
581,577,'forest_road','highway','field','field','corn_field'
582,578,'highway','forest_road','crosswalk','orchard','residential_neighborhood'
583,579,'parking_lot','highway','train_railway','tree_farm','forest_road'
584,580,'highway','forest_road','tree_farm','orchard','sky'
585,581,'alley','residential_neighborhood','building_facade','office_building','apartment_building'
586,582,'courtyard','building_facade','hospital','office_building','plaza'
587,583,'residential_neighborhood','apartment_building','office_building','building_facade','crosswalk'
588,584,'apartment_building','building_facade','mansion','driveway','residential_neighborhood'
589,585,'cemetery','forest_road','highway','driveway','picnic_area'
590,586,'highway','parking_lot','hospital','crosswalk','motel'
591,587,'crosswalk','highway','parking_lot','hospital','office_building'
592,588,'crosswalk','parking_lot','highway','runway','residential_neighborhood'
593,589,'gas_station','highway','parking_lot','motel','crosswalk'
594,590,'forest_road','driveway','pasture','orchard','highway'
595,591,'driveway','forest_road','highway','parking_lot','orchard'
596,592,'hospital','gas_station','highway','motel','parking_lot'
597,593,'parking_lot','apartment_building','driveway','residential_neighborhood','fire_escape'
598,594,'hospital','plaza','office_building','driveway','courtyard'
599,595,'building_facade','schoolhouse','office_building','motel','apartment_building'
600,596,'fire_station','motel','building_facade','office_building','hospital'
601,597,'highway','residential_neighborhood','forest_road','driveway','tree_farm'
602,598,'forest_road','highway','golf_course','driveway','racecourse'
603,599,'highway','driveway','residential_neighborhood','forest_road','orchard'
604,600,'parking_lot','driveway','hospital','sky','golf_course'
605,601,'water_tower','windmill','construction_site','railroad_track','tower'
606,602,'parking_lot','residential_neighborhood','motel','highway','driveway'
607,603,'parking_lot','driveway','motel','residential_neighborhood','yard'
608,604,'shed','yard','chalet','driveway','patio'
609,605,'formal_garden','topiary_garden','courtyard','cottage_garden','driveway'
610,606,'driveway','yard','residential_neighborhood','topiary_garden','chalet'
611,607,'driveway','residential_neighborhood','motel','chalet','inn'
612,608,'orchard','cottage_garden','yard','vegetable_garden','formal_garden'
613,609,'residential_neighborhood','courtyard','parking_lot','apartment_building','alley'
614,610,'courtyard','hospital','phone_booth','building_facade','doorway'
615,611,'residential_neighborhood','alley','crosswalk','inn','apartment_building'
616,612,'motel','hospital','inn','doorway','building_facade'
617,613,'highway','forest_road','parking_lot','driveway','crosswalk'
618,614,'forest_road','highway','parking_lot','driveway','orchard'
619,615,'hospital','parking_lot','office_building','highway','apartment_building'
620,616,'office_building','hospital','parking_lot','motel','building_facade'
621,617,'residential_neighborhood','apartment_building','cottage_garden','chalet','yard'
622,618,'residential_neighborhood','apartment_building','driveway','inn','hotel'
623,619,'residential_neighborhood','driveway','courtyard','yard','hospital'
624,620,'driveway','residential_neighborhood','apartment_building','yard','office_building'
625,621,'residential_neighborhood','apartment_building','parking_lot','driveway','mansion'
626,622,'apartment_building','courtyard','hospital','office_building','inn'
627,623,'residential_neighborhood','apartment_building','office_building','hospital','alley'
628,624,'parking_lot','motel','hospital','driveway','residential_neighborhood'
629,625,'motel','inn','hotel','hospital','chalet'
630,626,'driveway','residential_neighborhood','yard','hospital','highway'
631,627,'forest_road','driveway','orchard','botanical_garden','field'
632,628,'residential_neighborhood','chalet','driveway','mansion','inn'
633,629,'courtyard','building_facade','motel','hospital','apartment_building'
634,630,'residential_neighborhood','office_building','apartment_building','alley','building_facade'
635,631,'courtyard','building_facade','apartment_building','inn','hotel'
636,632,'apartment_building','office_building','residential_neighborhood','crosswalk','building_facade'
637,633,'building_facade','office_building','plaza','hospital','apartment_building'
638,634,'highway','crosswalk','residential_neighborhood','parking_lot','hospital'
639,635,'residential_neighborhood','highway','apartment_building','hospital','parking_lot'
640,636,'building_facade','office_building','hospital','apartment_building','fire_station'
641,637,'wind_farm','corn_field','windmill','wheat_field','field'
642,638,'highway','parking_lot','runway','track','tower'
643,639,'parking_lot','runway','highway','airport_terminal','track'
644,640,'wind_farm','windmill','runway','highway','parking_lot'
645,641,'bayou','river','harbor','plaza','coast'
646,642,'dock','boardwalk','swimming_pool','ice_skating_rink','pond'
647,643,'plaza','playground','picnic_area','bayou','parking_lot'
648,644,'plaza','cemetery','courtyard','mausoleum','fountain'
649,645,'hospital','crosswalk','construction_site','apartment_building','residential_neighborhood'
650,646,'residential_neighborhood','crosswalk','highway','motel','parking_lot'
651,647,'residential_neighborhood','crosswalk','apartment_building','highway','motel'
652,648,'crosswalk','hospital','residential_neighborhood','office_building','apartment_building'
653,649,'bayou','river','marsh','dock','highway'
654,650,'parking_lot','driveway','highway','residential_neighborhood','yard'
655,651,'parking_lot','driveway','highway','yard','residential_neighborhood'
656,652,'hospital','plaza','gas_station','highway','office_building'
657,653,'parking_lot','hospital','office_building','highway','motel'
658,654,'parking_lot','hospital','fire_station','driveway','motel'
659,655,'building_facade','motel','office_building','apartment_building','parking_lot'
660,656,'parking_lot','hospital','driveway','office_building','courtyard'
661,657,'highway','bridge','parking_lot','runway','crosswalk'
662,658,'runway','parking_lot','highway','crosswalk','airport_terminal'
663,659,'highway','sky','valley','wind_farm','forest_road'
664,660,'highway','train_station','railroad_track','train_railway','viaduct'
665,661,'hospital','parking_lot','office_building','highway','apartment_building'
666,662,'highway','forest_road','driveway','tree_farm','parking_lot'
667,663,'playground','picnic_area','driveway','botanical_garden','orchard'
668,664,'highway','forest_road','residential_neighborhood','tree_farm','botanical_garden'
669,665,'forest_road','orchard','highway','tree_farm','field'
670,666,'forest_road','highway','field','forest_path','driveway'
671,667,'highway','forest_road','driveway','residential_neighborhood','field'
672,668,'yard','tree_farm','chalet','mansion','pasture'
673,669,'hospital','fire_escape','motel','apartment_building','office_building'
674,670,'parking_lot','apartment_building','residential_neighborhood','hospital','hotel'
675,671,'parking_lot','highway','residential_neighborhood','forest_road','motel'
676,672,'parking_lot','highway','driveway','forest_road','crosswalk'
677,673,'crosswalk','residential_neighborhood','apartment_building','parking_lot','highway'
678,674,'parking_lot','highway','crosswalk','motel','driveway'
679,675,'parking_lot','motel','hospital','plaza','apartment_building'
680,676,'building_facade','apartment_building','shopfront','hospital','office_building'
681,677,'runway','highway','gas_station','racecourse','train_railway'
682,678,'highway','forest_road','driveway','field','pasture'
683,679,'field','forest_road','tree_farm','forest_path','orchard'
684,680,'highway','runway','forest_road','pasture','sky'
685,681,'wind_farm','windmill','highway','forest_road','tree_farm'
686,682,'field','picnic_area','field','orchard','forest_road'
687,683,'highway','forest_road','wind_farm','tree_farm','field'
688,684,'forest_road','highway','tree_farm','field','pasture'
689,685,'highway','driveway','residential_neighborhood','forest_road','parking_lot'
690,686,'office_building','hospital','courthouse','building_facade','doorway'
691,687,'driveway','residential_neighborhood','forest_road','highway','motel'
692,688,'yard','motel','ocean','shed','train_railway'
693,689,'plaza','building_facade','apartment_building','residential_neighborhood','hospital'
694,690,'apartment_building','building_facade','office_building','residential_neighborhood','shopfront'
695,691,'crosswalk','residential_neighborhood','apartment_building','office_building','building_facade'
696,692,'fire_escape','building_facade','apartment_building','office_building','residential_neighborhood'
697,693,'residential_neighborhood','driveway','mansion','apartment_building','parking_lot'
698,694,'driveway','yard','residential_neighborhood','chalet','mansion'
699,695,'residential_neighborhood','driveway','mansion','parking_lot','office_building'
700,696,'inn','courtyard','apartment_building','residential_neighborhood','hotel'
701,697,'highway','parking_lot','forest_road','bridge','viaduct'
702,698,'highway','forest_road','crosswalk','parking_lot','forest_path'
703,699,'highway','forest_road','tree_farm','driveway','pasture'
704,700,'hospital','highway','apartment_building','office_building','residential_neighborhood'
705,701,'highway','runway','parking_lot','sky','forest_road'
706,702,'hospital','highway','residential_neighborhood','parking_lot','office_building'
707,703,'parking_lot','hospital','office_building','driveway','highway'
708,704,'highway','forest_road','parking_lot','field','runway'
709,705,'highway','bridge','viaduct','forest_road','aqueduct'
710,706,'viaduct','highway','bridge','gas_station','aqueduct'
711,707,'viaduct','highway','bridge','aqueduct','crosswalk'
712,708,'highway','viaduct','bridge','gas_station','parking_lot'
713,709,'parking_lot','motel','hospital','highway','fire_station'
714,710,'highway','parking_lot','motel','driveway','residential_neighborhood'
715,711,'office_building','parking_lot','building_facade','shed','hospital'
716,712,'hospital','office_building','building_facade','motel','parking_lot'
717,713,'highway','bridge','viaduct','river','bayou'
718,714,'highway','forest_road','field','railroad_track','pasture'
719,715,'highway','river','forest_road','marsh','pond'
720,716,'dock','marsh','bayou','river','dam'
721,717,'highway','forest_road','driveway','parking_lot','sky'
722,718,'runway','marsh','highway','rice_paddy','boat_deck'
723,719,'highway','parking_lot','motel','driveway','residential_neighborhood'
724,720,'hospital','office_building','yard','courtyard','plaza'
725,721,'residential_neighborhood','crosswalk','apartment_building','parking_lot','plaza'
726,722,'motel','driveway','parking_lot','residential_neighborhood','mansion'
727,723,'residential_neighborhood','apartment_building','alley','parking_lot','inn'
728,724,'apartment_building','residential_neighborhood','doorway','inn','veranda'
729,725,'hospital','office_building','highway','plaza','crosswalk'
730,726,'hospital','apartment_building','office_building','parking_lot','highway'
731,727,'highway','residential_neighborhood','parking_lot','crosswalk','apartment_building'
732,728,'hospital','office_building','building_facade','hotel','apartment_building'
733,729,'parking_lot','construction_site','motel','hospital','office_building'
734,730,'building_facade','hospital','motel','office_building','parking_lot'
735,731,'hospital','construction_site','office_building','building_facade','apartment_building'
736,732,'office_building','hospital','building_facade','apartment_building','courtyard'
737,733,'plaza','courtyard','inn','apartment_building','parking_lot'
738,734,'residential_neighborhood','apartment_building','courtyard','plaza','mansion'
739,735,'doorway','building_facade','shopfront','residential_neighborhood','mansion'
740,736,'residential_neighborhood','parking_lot','apartment_building','plaza','office_building'
741,737,'apartment_building','residential_neighborhood','building_facade','office_building','courtyard'
742,738,'apartment_building','residential_neighborhood','building_facade','office_building','crosswalk'
743,739,'residential_neighborhood','apartment_building','mansion','office_building','building_facade'
744,740,'parking_lot','building_facade','hospital','office_building','apartment_building'
745,741,'plaza','crosswalk','parking_lot','driveway','highway'
746,742,'office_building','building_facade','hospital','plaza','parking_lot'
747,743,'office_building','hospital','apartment_building','building_facade','plaza'
748,744,'picnic_area','golf_course','playground','fairway','orchard'
749,745,'highway','hospital','crosswalk','parking_lot','office_building'
750,746,'highway','crosswalk','forest_road','driveway','residential_neighborhood'
751,747,'baseball_field','motel','highway','runway','track'
752,748,'highway','office_building','hospital','sky','building_facade'
753,749,'chalet','cottage_garden','shed','bridge','schoolhouse'
754,750,'tree_farm','formal_garden','driveway','orchard','forest_road'
755,751,'rice_paddy','marsh','field','field','pasture'
756,752,'driveway','chalet','pavilion','residential_neighborhood','inn'
757,753,'motel','hospital','office_building','residential_neighborhood','driveway'
758,754,'driveway','residential_neighborhood','motel','parking_lot','highway'
759,755,'parking_lot','hospital','office_building','driveway','apartment_building'
760,756,'fire_station','motel','parking_lot','doorway','building_facade'
761,757,'forest_road','highway','tree_farm','field','corn_field'
762,758,'driveway','residential_neighborhood','highway','parking_lot','motel'
763,759,'highway','crosswalk','motel','residential_neighborhood','parking_lot'
764,760,'highway','field','field','tree_farm','formal_garden'
765,761,'parking_lot','residential_neighborhood','alley','motel','apartment_building'
766,762,'parking_lot','forest_road','rainforest','driveway','campsite'
767,763,'shed','driveway','veranda','doorway','chalet'
768,764,'locker_room','fire_station','doorway','phone_booth','alley'
769,765,'parking_lot','residential_neighborhood','hospital','garbage_dump','plaza'
770,766,'parking_lot','plaza','picnic_area','botanical_garden','formal_garden'
771,767,'apartment_building','office_building','residential_neighborhood','hospital','building_facade'
772,768,'residential_neighborhood','apartment_building','motel','inn','office_building'
773,769,'residential_neighborhood','apartment_building','hospital','driveway','office_building'
774,770,'office_building','fire_station','building_facade','hospital','inn'
775,771,'hospital','office_building','driveway','fire_station','residential_neighborhood'
776,772,'hospital','parking_lot','office_building','apartment_building','residential_neighborhood'
777,773,'dam','highway','viaduct','bridge','runway'
778,774,'highway','bridge','viaduct','forest_road','sky'
779,775,'highway','viaduct','bridge','construction_site','dam'
780,776,'highway','railroad_track','train_station','bridge','train_railway'
781,777,'parking_lot','hospital','motel','highway','fire_station'
782,778,'motel','parking_lot','apartment_building','inn','hotel'
783,779,'hospital','motel','courtyard','office_building','apartment_building'
784,780,'office_building','inn','mansion','apartment_building','building_facade'
785,781,'residential_neighborhood','apartment_building','crosswalk','highway','mansion'
786,782,'construction_site','coast','residential_neighborhood','highway','parking_lot'
787,783,'parking_lot','plaza','apartment_building','residential_neighborhood','hospital'
788,784,'plaza','motel','parking_lot','residential_neighborhood','hospital'
789,785,'highway','crosswalk','forest_road','parking_lot','driveway'
790,786,'highway','parking_lot','baseball_field','forest_road','track'
791,787,'highway','forest_road','parking_lot','driveway','wind_farm'
792,788,'highway','crosswalk','driveway','forest_road','parking_lot'
793,789,'hospital','plaza','construction_site','office_building','building_facade'
794,790,'residential_neighborhood','apartment_building','office_building','highway','hospital'
795,791,'highway','parking_lot','runway','crosswalk','motel'
796,792,'highway','plaza','skyscraper','parking_lot','playground'
797,793,'highway','parking_lot','racecourse','motel','crosswalk'
798,794,'highway','bridge','office_building','parking_lot','hospital'
799,795,'parking_lot','highway','runway','fire_escape','crosswalk'
800,796,'highway','forest_road','sky','wind_farm','windmill'
801,797,'motel','hospital','residential_neighborhood','parking_lot','apartment_building'
802,798,'residential_neighborhood','driveway','yard','highway','parking_lot'
803,799,'residential_neighborhood','mansion','yard','orchard','apartment_building'
804,800,'phone_booth','residential_neighborhood','highway','crosswalk','driveway'
