,img_id,img_path,num_user,mean,median,var,vote1,vote2,vote3,vote4,vote5
0,1,PILOT/GSV_PILOT_13_1.jpg,5,3.2,4,0.96,0,2,0,3,0
1,2,PILOT/GSV_PILOT_13_2.jpg,5,2.0,2,0.0,0,5,0,0,0
2,3,PILOT/GSV_PILOT_13_3.jpg,5,3.0,3,0.4,0,1,3,1,0
3,4,PILOT/GSV_PILOT_13_4.jpg,5,2.8,3,0.15999999999999998,0,1,4,0,0
4,5,PILOT/GSV_PILOT_15_1.jpg,5,1.8,2,0.16000000000000006,1,4,0,0,0
5,6,PILOT/GSV_PILOT_15_2.jpg,5,1.8,2,0.16,1,4,0,0,0
6,7,PILOT/GSV_PILOT_15_3.jpg,5,3.0,3,0.4,0,1,3,1,0
7,8,PILOT/GSV_PILOT_15_4.jpg,5,2.0,2,0.4,1,3,1,0,0
8,9,PILOT/GSV_PILOT_2_1.jpg,5,3.2,3,0.5599999999999999,0,1,2,2,0
9,10,PILOT/GSV_PILOT_2_2.jpg,5,2.8,3,0.5599999999999999,0,2,2,1,0
10,11,PILOT/GSV_PILOT_2_3.jpg,5,2.2,2,0.5599999999999999,1,2,2,0,0
11,12,PILOT/GSV_PILOT_2_4.jpg,5,2.4,2,0.64,0,4,0,1,0
12,13,PILOT/GSV_PILOT_21_1.jpg,5,1.8,2,0.16000000000000006,1,4,0,0,0
13,14,PILOT/GSV_PILOT_21_2.jpg,5,2.4,2,0.24,0,3,2,0,0
14,15,PILOT/GSV_PILOT_21_3.jpg,5,2.0,2,0.0,0,5,0,0,0
15,16,PILOT/GSV_PILOT_21_4.jpg,5,2.2,2,0.15999999999999998,0,4,1,0,0
16,17,PILOT/GSV_PILOT_25_1.jpg,5,3.6,4,0.64,0,1,0,4,0
17,18,PILOT/GSV_PILOT_25_2.jpg,5,3.0,3,0.8,0,2,1,2,0
18,19,PILOT/GSV_PILOT_25_3.jpg,5,3.6,4,0.6400000000000002,0,1,0,4,0
19,20,PILOT/GSV_PILOT_25_4.jpg,5,2.8,3,1.3599999999999999,1,1,1,2,0
20,21,PILOT/GSV_PILOT_26_1.jpg,5,4.6,5,0.24,0,0,0,2,3
21,22,PILOT/GSV_PILOT_26_2.jpg,5,3.8,4,0.5599999999999999,0,0,2,2,1
22,23,PILOT/GSV_PILOT_26_3.jpg,5,3.6,4,0.6400000000000002,0,1,0,4,0
23,24,PILOT/GSV_PILOT_26_4.jpg,5,4.2,4,0.5599999999999999,0,0,1,2,2
24,25,PILOT/GSV_PILOT_28_1.jpg,5,2.2,2,0.15999999999999998,0,4,1,0,0
25,26,PILOT/GSV_PILOT_28_2.jpg,5,2.6,2,0.64,0,3,1,1,0
26,27,PILOT/GSV_PILOT_28_3.jpg,5,2.6,3,0.24,0,2,3,0,0
27,28,PILOT/GSV_PILOT_28_4.jpg,5,3.0,3,0.4,0,1,3,1,0
28,29,PILOT/GSV_PILOT_30_1.jpg,5,3.8,4,0.15999999999999998,0,0,1,4,0
29,30,PILOT/GSV_PILOT_30_2.jpg,5,3.4,4,0.64,0,1,1,3,0
30,31,PILOT/GSV_PILOT_30_3.jpg,5,4.2,4,0.15999999999999998,0,0,0,4,1
31,32,PILOT/GSV_PILOT_30_4.jpg,5,4.0,4,0.0,0,0,0,5,0
32,33,PILOT/GSV_PILOT_34_1.jpg,5,2.0,2,0.0,0,5,0,0,0
33,34,PILOT/GSV_PILOT_34_2.jpg,5,2.0,2,0.4,1,3,1,0,0
34,35,PILOT/GSV_PILOT_34_3.jpg,5,2.0,2,0.0,0,5,0,0,0
35,36,PILOT/GSV_PILOT_34_4.jpg,5,2.0,2,0.0,0,5,0,0,0
36,37,PILOT/GSV_PILOT_35_1.jpg,5,3.6,4,0.24,0,0,2,3,0
37,38,PILOT/GSV_PILOT_35_2.jpg,5,4.0,4,1.2,0,1,0,2,2
38,39,PILOT/GSV_PILOT_35_3.jpg,5,3.8,4,0.15999999999999998,0,0,1,4,0
39,40,PILOT/GSV_PILOT_35_4.jpg,5,2.8,2,1.3599999999999999,0,3,1,0,1
40,41,PILOT/GSV_PILOT_40_1.jpg,5,2.4,2,0.24,0,3,2,0,0
41,42,PILOT/GSV_PILOT_40_2.jpg,5,2.2,2,0.15999999999999998,0,4,1,0,0
42,43,PILOT/GSV_PILOT_40_3.jpg,5,2.4,2,0.24,0,3,2,0,0
43,44,PILOT/GSV_PILOT_40_4.jpg,5,2.4,2,0.64,0,4,0,1,0
44,45,PILOT/GSV_PILOT_43_1.jpg,5,2.6,3,0.24,0,2,3,0,0
45,46,PILOT/GSV_PILOT_43_2.jpg,5,2.4,2,0.6400000000000002,0,4,0,1,0
46,47,PILOT/GSV_PILOT_43_3.jpg,5,3.4,3,0.24,0,0,3,2,0
47,48,PILOT/GSV_PILOT_43_4.jpg,5,2.8,3,0.5599999999999999,0,2,2,1,0
48,49,PILOT/GSV_PILOT_51_1.jpg,5,2.4,2,0.24,0,3,2,0,0
49,50,PILOT/GSV_PILOT_51_2.jpg,5,2.2,2,0.15999999999999998,0,4,1,0,0
50,51,PILOT/GSV_PILOT_51_3.jpg,5,2.6,3,0.24,0,2,3,0,0
51,52,PILOT/GSV_PILOT_51_4.jpg,5,1.8,2,0.16000000000000006,1,4,0,0,0
52,53,PILOT/GSV_PILOT_52_1.jpg,5,2.6,2,0.64,0,3,1,1,0
53,54,PILOT/GSV_PILOT_52_2.jpg,5,3.4,3,0.24,0,0,3,2,0
54,55,PILOT/GSV_PILOT_52_3.jpg,5,3.0,3,0.8,0,2,1,2,0
55,56,PILOT/GSV_PILOT_52_4.jpg,5,2.8,3,0.5599999999999999,0,2,2,1,0
56,57,PILOT/GSV_PILOT_6_1.jpg,5,2.8,3,0.15999999999999998,0,1,4,0,0
57,58,PILOT/GSV_PILOT_6_2.jpg,5,2.6,3,0.24,0,2,3,0,0
58,59,PILOT/GSV_PILOT_6_3.jpg,5,2.6,3,0.24,0,2,3,0,0
59,60,PILOT/GSV_PILOT_6_4.jpg,5,2.2,2,0.15999999999999998,0,4,1,0,0
60,61,PILOT/GSV_PILOT_61_1.jpg,5,4.4,4,0.24000000000000005,0,0,0,3,2
61,62,PILOT/GSV_PILOT_61_2.jpg,5,3.8,4,0.15999999999999998,0,0,1,4,0
62,63,PILOT/GSV_PILOT_61_3.jpg,5,4.0,4,0.4,0,0,1,3,1
63,64,PILOT/GSV_PILOT_61_4.jpg,5,4.4,4,0.24000000000000005,0,0,0,3,2
64,65,PILOT/GSV_PILOT_64_1.jpg,5,2.4,2,0.24,0,3,2,0,0
65,66,PILOT/GSV_PILOT_64_2.jpg,5,3.2,3,0.15999999999999998,0,0,4,1,0
66,67,PILOT/GSV_PILOT_64_3.jpg,5,3.0,3,0.4,0,1,3,1,0
67,68,PILOT/GSV_PILOT_64_4.jpg,5,2.8,3,0.5599999999999999,0,2,2,1,0
68,69,PILOT/GSV_PILOT_75_1.jpg,5,2.4,2,1.04,1,2,1,1,0
69,70,PILOT/GSV_PILOT_75_2.jpg,5,2.2,2,0.15999999999999998,0,4,1,0,0
70,71,PILOT/GSV_PILOT_75_3.jpg,5,4.2,4,0.15999999999999998,0,0,0,4,1
71,72,PILOT/GSV_PILOT_75_4.jpg,5,4.2,4,0.5599999999999999,0,0,1,2,2
72,73,PILOT/GSV_PILOT_8_1.jpg,5,2.8,3,0.5599999999999999,0,2,2,1,0
73,74,PILOT/GSV_PILOT_8_2.jpg,5,3.4,4,0.64,0,1,1,3,0
74,75,PILOT/GSV_PILOT_8_3.jpg,5,3.8,4,0.15999999999999998,0,0,1,4,0
75,76,PILOT/GSV_PILOT_8_4.jpg,5,2.2,2,0.15999999999999998,0,4,1,0,0
76,77,PILOT/GSV_PILOT_93_1.jpg,5,4.4,4,0.24000000000000005,0,0,0,3,2
77,78,PILOT/GSV_PILOT_93_2.jpg,5,4.0,4,0.0,0,0,0,5,0
78,79,PILOT/GSV_PILOT_93_3.jpg,5,4.2,4,0.15999999999999998,0,0,0,4,1
79,80,PILOT/GSV_PILOT_93_4.jpg,5,4.0,4,0.0,0,0,0,5,0
80,10001,Training/golden_1.jpg,50,4.16,4,0.45439999999999997,0,0,8,26,16
81,10002,Training/golden_2.jpg,50,2.98,3,0.8996,3,13,17,16,1
82,10003,Training/golden_3.jpg,50,3.02,3,0.6995999999999999,1,13,21,14,1
83,10004,Training/golden_4.jpg,50,4.2,4,0.76,1,2,3,24,20
84,10005,Training/golden_5.jpg,50,3.56,4,0.8463999999999998,0,9,10,25,6
85,81,PILOT/GSV_PILOT_201_1.jpg,5,3.4,3,0.24,0,0,3,2,0
86,82,PILOT/GSV_PILOT_201_2.jpg,5,2.8,3,0.5599999999999999,0,2,2,1,0
87,83,PILOT/GSV_PILOT_201_3.jpg,5,3.6,4,0.24,0,0,2,3,0
88,84,PILOT/GSV_PILOT_201_4.jpg,5,3.8,4,0.5599999999999999,0,0,2,2,1
89,85,PILOT/GSV_PILOT_202_1.jpg,5,3.0,3,0.4,0,1,3,1,0
90,86,PILOT/GSV_PILOT_202_2.jpg,5,2.8,3,1.3599999999999999,1,1,1,2,0
91,87,PILOT/GSV_PILOT_202_3.jpg,5,2.2,3,0.96,2,0,3,0,0
92,88,PILOT/GSV_PILOT_202_4.jpg,5,3.2,3,0.5599999999999999,0,1,2,2,0
93,89,PILOT/GSV_PILOT_203_1.jpg,5,2.4,2,1.0400000000000003,1,2,1,1,0
94,90,PILOT/GSV_PILOT_203_2.jpg,5,2.0,2,0.4,1,3,1,0,0
95,91,PILOT/GSV_PILOT_203_3.jpg,5,2.4,3,0.64,1,1,3,0,0
96,92,PILOT/GSV_PILOT_203_4.jpg,5,2.4,2,0.24,0,3,2,0,0
97,93,PILOT/GSV_PILOT_205_1.jpg,5,1.8,1,0.9600000000000002,3,0,2,0,0
98,94,PILOT/GSV_PILOT_205_2.jpg,5,3.6,4,0.64,0,1,0,4,0
99,95,PILOT/GSV_PILOT_205_3.jpg,5,3.2,3,0.5599999999999999,0,1,2,2,0
100,96,PILOT/GSV_PILOT_205_4.jpg,5,3.2,3,0.5599999999999999,0,1,2,2,0
101,97,PILOT/GSV_PILOT_206_1.jpg,5,3.8,4,0.96,0,1,0,3,1
102,98,PILOT/GSV_PILOT_206_2.jpg,5,4.0,4,0.0,0,0,0,5,0
103,99,PILOT/GSV_PILOT_206_3.jpg,5,4.2,4,0.5599999999999999,0,0,1,2,2
104,100,PILOT/GSV_PILOT_206_4.jpg,5,4.0,4,0.4,0,0,1,3,1
105,101,PILOT/GSV_PILOT_208_1.jpg,5,2.6,3,1.04,1,1,2,1,0
106,102,PILOT/GSV_PILOT_208_2.jpg,5,3.8,4,0.15999999999999998,0,0,1,4,0
107,103,PILOT/GSV_PILOT_208_3.jpg,5,2.6,3,0.24,0,2,3,0,0
108,104,PILOT/GSV_PILOT_208_4.jpg,5,3.4,4,0.64,0,1,1,3,0
109,105,PILOT/GSV_PILOT_209_1.jpg,5,3.0,3,0.8,0,2,1,2,0
110,106,PILOT/GSV_PILOT_209_2.jpg,5,3.6,4,0.64,0,1,0,4,0
111,107,PILOT/GSV_PILOT_209_3.jpg,5,3.8,4,0.96,0,1,0,3,1
112,108,PILOT/GSV_PILOT_209_4.jpg,5,4.0,4,0.4,0,0,1,3,1
113,109,PILOT/GSV_PILOT_210_1.jpg,5,2.8,3,0.15999999999999998,0,1,4,0,0
114,110,PILOT/GSV_PILOT_210_2.jpg,5,2.6,3,0.24,0,2,3,0,0
115,111,PILOT/GSV_PILOT_210_3.jpg,5,3.2,3,0.15999999999999998,0,0,4,1,0
116,112,PILOT/GSV_PILOT_210_4.jpg,5,3.0,3,0.4,0,1,3,1,0
117,113,PILOT/GSV_PILOT_212_1.jpg,5,3.2,3,0.5599999999999999,0,1,2,2,0
118,114,PILOT/GSV_PILOT_212_2.jpg,5,3.0,3,0.4,0,1,3,1,0
119,115,PILOT/GSV_PILOT_212_3.jpg,5,3.2,3,0.5599999999999999,0,1,2,2,0
120,116,PILOT/GSV_PILOT_212_4.jpg,5,2.6,2,0.64,0,3,1,1,0
121,117,PILOT/GSV_PILOT_213_1.jpg,5,3.6,4,0.24,0,0,2,3,0
122,118,PILOT/GSV_PILOT_213_2.jpg,5,4.0,4,0.4,0,0,1,3,1
123,119,PILOT/GSV_PILOT_213_3.jpg,5,3.4,4,0.64,0,1,1,3,0
124,120,PILOT/GSV_PILOT_213_4.jpg,5,3.0,3,0.4,0,1,3,1,0
125,121,PILOT/GSV_PILOT_215_1.jpg,5,3.0,3,0.8,0,2,1,2,0
126,122,PILOT/GSV_PILOT_215_2.jpg,5,3.6,4,0.24,0,0,2,3,0
127,123,PILOT/GSV_PILOT_215_3.jpg,5,3.8,4,0.15999999999999998,0,0,1,4,0
128,124,PILOT/GSV_PILOT_215_4.jpg,5,3.8,4,0.15999999999999998,0,0,1,4,0
129,125,PILOT/GSV_PILOT_216_1.jpg,5,3.4,3,0.24,0,0,3,2,0
130,126,PILOT/GSV_PILOT_216_2.jpg,5,3.8,4,0.5599999999999999,0,0,2,2,1
131,127,PILOT/GSV_PILOT_216_3.jpg,5,3.6,4,0.24,0,0,2,3,0
132,128,PILOT/GSV_PILOT_216_4.jpg,5,3.4,3,0.24,0,0,3,2,0
133,129,PILOT/GSV_PILOT_217_1.jpg,5,2.4,2,1.0400000000000003,1,2,1,1,0
134,130,PILOT/GSV_PILOT_217_2.jpg,5,2.0,2,1.2,2,2,0,1,0
135,131,PILOT/GSV_PILOT_217_3.jpg,5,2.6,3,1.0400000000000003,1,1,2,1,0
136,132,PILOT/GSV_PILOT_217_4.jpg,5,2.2,2,0.96,1,3,0,1,0
137,133,PILOT/GSV_PILOT_220_1.jpg,5,2.2,2,0.5599999999999999,1,2,2,0,0
138,134,PILOT/GSV_PILOT_220_2.jpg,5,2.6,2,1.4400000000000002,1,2,0,2,0
139,135,PILOT/GSV_PILOT_220_3.jpg,5,2.8,3,1.3599999999999999,1,1,1,2,0
140,136,PILOT/GSV_PILOT_220_4.jpg,5,1.4,1,0.24,3,2,0,0,0
141,137,PILOT/GSV_PILOT_221_1.jpg,5,2.6,3,0.24,0,2,3,0,0
142,138,PILOT/GSV_PILOT_221_2.jpg,5,3.0,3,0.4,0,1,3,1,0
143,139,PILOT/GSV_PILOT_221_3.jpg,5,2.6,3,0.6400000000000002,1,0,4,0,0
144,140,PILOT/GSV_PILOT_221_4.jpg,5,3.0,3,0.8,0,2,1,2,0
145,141,PILOT/GSV_PILOT_222_1.jpg,5,3.2,3,0.5599999999999999,0,1,2,2,0
146,142,PILOT/GSV_PILOT_222_2.jpg,5,3.2,3,0.15999999999999998,0,0,4,1,0
147,143,PILOT/GSV_PILOT_222_3.jpg,5,3.4,3,0.24,0,0,3,2,0
148,144,PILOT/GSV_PILOT_222_4.jpg,5,3.0,3,0.0,0,0,5,0,0
149,145,PILOT/GSV_PILOT_223_1.jpg,5,3.4,3,0.24,0,0,3,2,0
150,146,PILOT/GSV_PILOT_223_2.jpg,5,3.6,4,0.24,0,0,2,3,0
151,147,PILOT/GSV_PILOT_223_3.jpg,5,2.6,2,1.44,1,2,0,2,0
152,148,PILOT/GSV_PILOT_223_4.jpg,5,2.4,3,0.64,1,1,3,0,0
153,149,PILOT/GSV_PILOT_224_1.jpg,5,2.8,3,0.5599999999999999,0,2,2,1,0
154,150,PILOT/GSV_PILOT_224_2.jpg,5,2.0,2,0.8,2,1,2,0,0
155,151,PILOT/GSV_PILOT_224_3.jpg,5,2.6,2,0.64,0,3,1,1,0
156,152,PILOT/GSV_PILOT_224_4.jpg,5,2.6,3,1.0400000000000003,1,1,2,1,0
157,153,PILOT/GSV_PILOT_225_1.jpg,5,3.6,4,0.24,0,0,2,3,0
158,154,PILOT/GSV_PILOT_225_2.jpg,5,3.2,3,0.5599999999999999,0,1,2,2,0
159,155,PILOT/GSV_PILOT_225_3.jpg,5,3.2,3,0.5599999999999999,0,1,2,2,0
160,156,PILOT/GSV_PILOT_225_4.jpg,5,3.0,3,0.4,0,1,3,1,0
161,157,PILOT/GSV_PILOT_226_1.jpg,5,3.0,3,0.8,0,2,1,2,0
162,158,PILOT/GSV_PILOT_226_2.jpg,5,4.0,4,1.2,0,1,0,2,2
163,159,PILOT/GSV_PILOT_226_3.jpg,5,3.2,3,0.5599999999999999,0,1,2,2,0
164,160,PILOT/GSV_PILOT_226_4.jpg,5,3.8,4,0.15999999999999998,0,0,1,4,0
165,161,PILOT/GSV_PILOT_228_1.jpg,5,1.8,2,0.16,1,4,0,0,0
166,162,PILOT/GSV_PILOT_228_2.jpg,5,2.0,2,0.8,2,1,2,0,0
167,163,PILOT/GSV_PILOT_228_3.jpg,5,3.0,3,0.8,0,2,1,2,0
168,164,PILOT/GSV_PILOT_228_4.jpg,5,2.8,3,0.5599999999999999,0,2,2,1,0
169,165,PILOT/GSV_PILOT_229_1.jpg,5,3.6,4,0.64,0,1,0,4,0
170,166,PILOT/GSV_PILOT_229_2.jpg,5,3.0,4,1.6,1,1,0,3,0
171,167,PILOT/GSV_PILOT_229_3.jpg,5,4.4,4,0.24000000000000005,0,0,0,3,2
172,168,PILOT/GSV_PILOT_229_4.jpg,5,3.4,4,0.64,0,1,1,3,0
173,169,PILOT/GSV_PILOT_251_1.jpg,5,3.4,4,1.8399999999999999,1,0,1,2,1
174,170,PILOT/GSV_PILOT_251_2.jpg,5,4.0,4,0.8,0,0,2,1,2
175,171,PILOT/GSV_PILOT_251_3.jpg,5,3.4,4,1.8399999999999999,1,0,1,2,1
176,172,PILOT/GSV_PILOT_251_4.jpg,5,3.6,4,0.24,0,0,2,3,0
177,173,PILOT/GSV_PILOT_252_1.jpg,5,2.8,3,0.15999999999999998,0,1,4,0,0
178,174,PILOT/GSV_PILOT_252_2.jpg,5,3.2,4,0.96,0,2,0,3,0
179,175,PILOT/GSV_PILOT_252_3.jpg,5,3.0,3,0.8,0,2,1,2,0
180,176,PILOT/GSV_PILOT_252_4.jpg,5,3.4,4,0.64,0,1,1,3,0
181,177,PILOT/GSV_PILOT_253_1.jpg,5,3.0,3,0.4,0,1,3,1,0
182,178,PILOT/GSV_PILOT_253_2.jpg,5,3.6,4,0.64,0,1,0,4,0
183,179,PILOT/GSV_PILOT_253_3.jpg,5,3.4,4,0.64,0,1,1,3,0
184,180,PILOT/GSV_PILOT_253_4.jpg,5,4.2,4,0.15999999999999998,0,0,0,4,1
185,181,PILOT/GSV_PILOT_271_1.jpg,5,2.8,2,1.3599999999999999,0,3,1,0,1
186,182,PILOT/GSV_PILOT_271_2.jpg,5,3.0,4,1.6,1,1,0,3,0
187,183,PILOT/GSV_PILOT_271_3.jpg,5,3.0,3,0.8,0,2,1,2,0
188,184,PILOT/GSV_PILOT_271_4.jpg,5,3.2,3,1.7600000000000002,1,0,2,1,1
189,185,PILOT/GSV_PILOT_272_1.jpg,5,2.4,2,0.24,0,3,2,0,0
190,186,PILOT/GSV_PILOT_272_2.jpg,5,2.6,3,0.6400000000000002,1,0,4,0,0
191,187,PILOT/GSV_PILOT_272_3.jpg,5,2.8,3,0.5599999999999999,0,2,2,1,0
192,188,PILOT/GSV_PILOT_272_4.jpg,5,3.0,3,0.8,0,2,1,2,0
193,189,PILOT/GSV_PILOT_273_1.jpg,5,1.8,2,0.56,2,2,1,0,0
194,190,PILOT/GSV_PILOT_273_2.jpg,5,3.8,4,0.15999999999999998,0,0,1,4,0
195,191,PILOT/GSV_PILOT_273_3.jpg,5,3.8,4,0.15999999999999998,0,0,1,4,0
196,192,PILOT/GSV_PILOT_273_4.jpg,5,1.8,2,0.56,2,2,1,0,0
197,193,PILOT/GSV_PILOT_274_1.jpg,5,4.4,4,0.24000000000000005,0,0,0,3,2
198,194,PILOT/GSV_PILOT_274_2.jpg,5,4.0,4,0.4,0,0,1,3,1
199,195,PILOT/GSV_PILOT_274_3.jpg,5,1.4,1,0.24,3,2,0,0,0
200,196,PILOT/GSV_PILOT_274_4.jpg,5,4.6,5,0.24000000000000005,0,0,0,2,3
201,197,PILOT/GSV_PILOT_277_1.jpg,5,2.6,3,1.8400000000000003,2,0,1,2,0
202,198,PILOT/GSV_PILOT_277_2.jpg,5,3.2,3,0.5599999999999999,0,1,2,2,0
203,199,PILOT/GSV_PILOT_277_3.jpg,5,2.8,3,1.3599999999999999,1,1,1,2,0
204,200,PILOT/GSV_PILOT_277_4.jpg,5,3.0,3,0.8,0,2,1,2,0
205,201,PILOT/GSV_PILOT_304_1.jpg,4,3.75,3,0.6875,0,0,2,1,1
206,202,PILOT/GSV_PILOT_304_2.jpg,5,3.8,4,0.96,0,1,0,3,1
207,203,PILOT/GSV_PILOT_304_3.jpg,5,3.6,4,1.04,0,1,1,2,1
208,204,PILOT/GSV_PILOT_304_4.jpg,5,3.2,3,0.5599999999999999,0,1,2,2,0
209,205,PILOT/GSV_PILOT_307_1.jpg,5,3.8,4,0.96,0,1,0,3,1
210,206,PILOT/GSV_PILOT_307_2.jpg,5,2.4,2,0.24,0,3,2,0,0
211,207,PILOT/GSV_PILOT_307_3.jpg,5,2.6,2,0.64,0,3,1,1,0
212,208,PILOT/GSV_PILOT_307_4.jpg,5,2.4,2,0.24,0,3,2,0,0
213,209,PILOT/GSV_PILOT_308_1.jpg,5,3.2,3,1.3599999999999999,0,2,1,1,1
214,210,PILOT/GSV_PILOT_308_2.jpg,5,2.8,3,0.5599999999999999,0,2,2,1,0
215,211,PILOT/GSV_PILOT_308_3.jpg,5,2.4,2,0.64,0,4,0,1,0
216,212,PILOT/GSV_PILOT_308_4.jpg,5,2.8,3,1.3599999999999999,1,1,1,2,0
217,213,PILOT/GSV_PILOT_310_1.jpg,5,1.6,2,0.24,2,3,0,0,0
218,214,PILOT/GSV_PILOT_310_2.jpg,5,3.4,3,1.0400000000000003,0,1,2,1,1
219,215,PILOT/GSV_PILOT_310_3.jpg,5,2.4,2,0.64,0,4,0,1,0
220,216,PILOT/GSV_PILOT_310_4.jpg,5,3.0,3,0.8,0,2,1,2,0
221,217,PILOT/GSV_PILOT_311_1.jpg,5,2.0,2,0.8,2,1,2,0,0
222,218,PILOT/GSV_PILOT_311_2.jpg,5,3.6,4,0.24,0,0,2,3,0
223,219,PILOT/GSV_PILOT_311_3.jpg,5,2.8,3,0.96,1,0,3,1,0
224,220,PILOT/GSV_PILOT_311_4.jpg,5,3.4,4,0.64,0,1,1,3,0
225,221,PILOT/GSV_PILOT_313_1.jpg,5,2.2,2,0.5599999999999999,1,2,2,0,0
226,222,PILOT/GSV_PILOT_313_2.jpg,5,3.0,3,0.8,0,2,1,2,0
227,223,PILOT/GSV_PILOT_313_3.jpg,5,3.2,3,1.3599999999999999,0,2,1,1,1
228,224,PILOT/GSV_PILOT_313_4.jpg,5,3.2,3,0.5599999999999999,0,1,2,2,0
229,225,PILOT/GSV_PILOT_314_1.jpg,5,2.8,2,0.96,0,3,0,2,0
230,226,PILOT/GSV_PILOT_314_2.jpg,5,3.0,3,0.4,0,1,3,1,0
231,227,PILOT/GSV_PILOT_314_3.jpg,5,3.2,3,0.5599999999999999,0,1,2,2,0
232,228,PILOT/GSV_PILOT_314_4.jpg,5,3.6,4,1.04,0,1,1,2,1
233,229,PILOT/GSV_PILOT_315_1.jpg,5,3.8,4,1.3599999999999999,0,1,1,1,2
234,230,PILOT/GSV_PILOT_315_2.jpg,5,3.2,4,0.96,0,2,0,3,0
235,231,PILOT/GSV_PILOT_315_3.jpg,5,3.8,4,0.5599999999999999,0,0,2,2,1
236,232,PILOT/GSV_PILOT_315_4.jpg,5,3.8,4,0.15999999999999998,0,0,1,4,0
237,233,PILOT/GSV_PILOT_319_1.jpg,5,3.2,3,1.7600000000000002,1,0,2,1,1
238,234,PILOT/GSV_PILOT_319_2.jpg,5,3.4,4,1.4400000000000002,1,0,0,4,0
239,235,PILOT/GSV_PILOT_319_3.jpg,5,2.4,2,0.6400000000000002,0,4,0,1,0
240,236,PILOT/GSV_PILOT_319_4.jpg,5,3.8,4,0.96,0,1,0,3,1
241,237,PILOT/GSV_PILOT_320_1.jpg,5,1.8,2,0.56,2,2,1,0,0
242,238,PILOT/GSV_PILOT_320_2.jpg,5,2.8,3,1.3599999999999999,1,1,1,2,0
243,239,PILOT/GSV_PILOT_320_3.jpg,5,3.0,3,0.8,0,2,1,2,0
244,240,PILOT/GSV_PILOT_320_4.jpg,5,2.8,3,1.3599999999999999,1,1,1,2,0
245,241,PILOT/GSV_PILOT_322_1.jpg,5,1.8,2,0.56,2,2,1,0,0
246,242,PILOT/GSV_PILOT_322_2.jpg,5,1.4,1,0.24,3,2,0,0,0
247,243,PILOT/GSV_PILOT_322_3.jpg,5,1.8,2,0.16000000000000006,1,4,0,0,0
248,244,PILOT/GSV_PILOT_322_4.jpg,5,1.4,1,0.24,3,2,0,0,0
249,245,PILOT/GSV_PILOT_323_1.jpg,5,2.0,2,0.4,1,3,1,0,0
250,246,PILOT/GSV_PILOT_323_2.jpg,5,3.2,3,2.56,1,1,1,0,2
251,247,PILOT/GSV_PILOT_323_3.jpg,5,3.2,4,0.96,0,2,0,3,0
252,248,PILOT/GSV_PILOT_323_4.jpg,5,1.8,2,0.16000000000000006,1,4,0,0,0
253,249,PILOT/GSV_PILOT_324_1.jpg,5,1.8,2,0.56,2,2,1,0,0
254,250,PILOT/GSV_PILOT_324_2.jpg,5,1.6,2,0.24,2,3,0,0,0
255,251,PILOT/GSV_PILOT_324_3.jpg,5,2.0,2,0.0,0,5,0,0,0
256,252,PILOT/GSV_PILOT_324_4.jpg,5,2.0,2,0.0,0,5,0,0,0
257,253,PILOT/GSV_PILOT_326_1.jpg,5,3.2,4,0.96,0,2,0,3,0
258,254,PILOT/GSV_PILOT_326_2.jpg,5,2.0,2,0.4,1,3,1,0,0
259,255,PILOT/GSV_PILOT_326_3.jpg,5,2.0,2,0.4,1,3,1,0,0
260,256,PILOT/GSV_PILOT_326_4.jpg,5,2.2,2,0.5599999999999999,1,2,2,0,0
261,257,PILOT/GSV_PILOT_328_1.jpg,5,3.6,4,0.24,0,0,2,3,0
262,258,PILOT/GSV_PILOT_328_2.jpg,5,2.2,2,0.15999999999999998,0,4,1,0,0
263,259,PILOT/GSV_PILOT_328_3.jpg,5,3.0,3,0.4,0,1,3,1,0
264,260,PILOT/GSV_PILOT_328_4.jpg,5,2.2,2,0.5599999999999999,1,2,2,0,0
265,261,PILOT/GSV_PILOT_329_1.jpg,5,2.2,2,0.15999999999999998,0,4,1,0,0
266,262,PILOT/GSV_PILOT_329_2.jpg,5,1.8,2,0.16000000000000006,1,4,0,0,0
267,263,PILOT/GSV_PILOT_329_3.jpg,5,1.6,2,0.24,2,3,0,0,0
268,264,PILOT/GSV_PILOT_329_4.jpg,5,1.4,1,0.64,4,0,1,0,0
269,265,PILOT/GSV_PILOT_330_1.jpg,5,1.6,2,0.24,2,3,0,0,0
270,266,PILOT/GSV_PILOT_330_2.jpg,5,1.6,2,0.24,2,3,0,0,0
271,267,PILOT/GSV_PILOT_330_3.jpg,5,1.6,2,0.24,2,3,0,0,0
272,268,PILOT/GSV_PILOT_330_4.jpg,5,1.0,1,0.0,5,0,0,0,0
273,269,PILOT/GSV_PILOT_331_1.jpg,5,2.2,2,0.5599999999999999,1,2,2,0,0
274,270,PILOT/GSV_PILOT_331_2.jpg,5,2.6,2,0.64,0,3,1,1,0
275,271,PILOT/GSV_PILOT_331_3.jpg,5,2.8,3,1.3599999999999999,1,1,1,2,0
276,272,PILOT/GSV_PILOT_331_4.jpg,5,2.2,2,0.15999999999999998,0,4,1,0,0
277,273,PILOT/GSV_PILOT_333_1.jpg,5,1.8,2,0.16,1,4,0,0,0
278,274,PILOT/GSV_PILOT_333_2.jpg,5,2.0,2,0.4,1,3,1,0,0
279,275,PILOT/GSV_PILOT_333_3.jpg,5,2.8,3,0.5599999999999999,0,2,2,1,0
280,276,PILOT/GSV_PILOT_333_4.jpg,5,3.6,4,0.24,0,0,2,3,0
281,277,PILOT/GSV_PILOT_334_1.jpg,5,3.4,3,1.0400000000000003,0,1,2,1,1
282,278,PILOT/GSV_PILOT_334_2.jpg,5,2.6,2,0.64,0,3,1,1,0
283,279,PILOT/GSV_PILOT_334_3.jpg,5,4.2,4,0.5599999999999999,0,0,1,2,2
284,280,PILOT/GSV_PILOT_334_4.jpg,5,4.0,4,0.4,0,0,1,3,1
285,281,PILOT/GSV_PILOT_335_1.jpg,5,2.4,2,1.0400000000000003,1,2,1,1,0
286,282,PILOT/GSV_PILOT_335_2.jpg,5,2.8,2,0.96,0,3,0,2,0
287,283,PILOT/GSV_PILOT_335_3.jpg,5,3.0,3,0.8,0,2,1,2,0
288,284,PILOT/GSV_PILOT_335_4.jpg,5,2.8,3,0.5599999999999999,0,2,2,1,0
289,285,PILOT/GSV_PILOT_336_1.jpg,5,3.0,3,2.0,1,1,1,1,1
290,286,PILOT/GSV_PILOT_336_2.jpg,5,3.2,3,1.3599999999999999,0,2,1,1,1
291,287,PILOT/GSV_PILOT_336_3.jpg,5,3.0,3,0.8,0,2,1,2,0
292,288,PILOT/GSV_PILOT_336_4.jpg,5,2.8,3,0.5599999999999999,0,2,2,1,0
293,289,PILOT/GSV_PILOT_337_1.jpg,5,1.8,2,0.16,1,4,0,0,0
294,290,PILOT/GSV_PILOT_337_2.jpg,5,1.4,1,0.24,3,2,0,0,0
295,291,PILOT/GSV_PILOT_337_3.jpg,5,2.8,3,0.5599999999999999,0,2,2,1,0
296,292,PILOT/GSV_PILOT_337_4.jpg,5,2.0,2,0.4,1,3,1,0,0
297,293,PILOT/GSV_PILOT_338_1.jpg,5,1.8,2,0.16000000000000006,1,4,0,0,0
298,294,PILOT/GSV_PILOT_338_2.jpg,5,2.8,3,0.5599999999999999,0,2,2,1,0
299,295,PILOT/GSV_PILOT_338_3.jpg,5,1.8,2,0.56,2,2,1,0,0
300,296,PILOT/GSV_PILOT_338_4.jpg,5,2.0,2,0.4,1,3,1,0,0
301,297,PILOT/GSV_PILOT_341_1.jpg,5,3.0,3,0.8,0,2,1,2,0
302,298,PILOT/GSV_PILOT_341_2.jpg,5,2.2,2,0.96,1,3,0,1,0
303,299,PILOT/GSV_PILOT_341_3.jpg,5,3.0,3,0.8,0,2,1,2,0
304,300,PILOT/GSV_PILOT_341_4.jpg,5,2.4,2,0.24,0,3,2,0,0
305,301,PILOT/GSV_PILOT_342_1.jpg,5,2.6,3,2.24,2,0,2,0,1
306,302,PILOT/GSV_PILOT_342_2.jpg,5,2.0,2,1.2,2,2,0,1,0
307,303,PILOT/GSV_PILOT_342_3.jpg,5,3.2,3,1.3599999999999999,0,2,1,1,1
308,304,PILOT/GSV_PILOT_342_4.jpg,5,2.4,2,0.64,0,4,0,1,0
309,305,PILOT/GSV_PILOT_343_1.jpg,5,2.8,2,0.96,0,3,0,2,0
310,306,PILOT/GSV_PILOT_343_2.jpg,5,2.2,2,0.5599999999999999,1,2,2,0,0
311,307,PILOT/GSV_PILOT_343_3.jpg,5,2.2,2,0.5599999999999999,1,2,2,0,0
312,308,PILOT/GSV_PILOT_343_4.jpg,5,3.2,4,0.96,0,2,0,3,0
313,309,PILOT/GSV_PILOT_344_1.jpg,5,2.6,2,0.64,0,3,1,1,0
314,310,PILOT/GSV_PILOT_344_2.jpg,5,3.6,4,1.04,0,1,1,2,1
315,311,PILOT/GSV_PILOT_344_3.jpg,5,3.2,3,0.5599999999999999,0,1,2,2,0
316,312,PILOT/GSV_PILOT_344_4.jpg,5,1.2,1,0.16,4,1,0,0,0
317,313,PILOT/GSV_PILOT_345_1.jpg,5,3.4,3,1.04,0,1,2,1,1
318,314,PILOT/GSV_PILOT_345_2.jpg,5,3.4,4,2.64,1,1,0,1,2
319,315,PILOT/GSV_PILOT_345_3.jpg,5,2.0,2,1.2,2,2,0,1,0
320,316,PILOT/GSV_PILOT_345_4.jpg,5,3.2,3,0.96,0,1,3,0,1
321,317,PILOT/GSV_PILOT_346_1.jpg,5,3.4,3,1.04,0,1,2,1,1
322,318,PILOT/GSV_PILOT_346_2.jpg,5,2.2,2,0.5599999999999999,1,2,2,0,0
323,319,PILOT/GSV_PILOT_346_3.jpg,5,2.0,2,0.0,0,5,0,0,0
324,320,PILOT/GSV_PILOT_346_4.jpg,5,2.0,2,0.0,0,5,0,0,0
325,321,PILOT/GSV_PILOT_402_1.jpg,5,2.2,2,0.15999999999999998,0,4,1,0,0
326,322,PILOT/GSV_PILOT_402_2.jpg,5,1.8,2,0.16000000000000006,1,4,0,0,0
327,323,PILOT/GSV_PILOT_402_3.jpg,5,2.0,2,0.4,1,3,1,0,0
328,324,PILOT/GSV_PILOT_402_4.jpg,5,1.8,2,0.56,2,2,1,0,0
329,325,PILOT/GSV_PILOT_405_1.jpg,5,2.6,3,0.24,0,2,3,0,0
330,326,PILOT/GSV_PILOT_405_2.jpg,5,1.8,2,0.16,1,4,0,0,0
331,327,PILOT/GSV_PILOT_405_3.jpg,5,2.4,3,0.64,1,1,3,0,0
332,328,PILOT/GSV_PILOT_405_4.jpg,5,3.2,3,0.5599999999999999,0,1,2,2,0
333,329,PILOT/GSV_PILOT_407_1.jpg,5,3.4,3,0.24,0,0,3,2,0
334,330,PILOT/GSV_PILOT_407_2.jpg,5,3.2,3,0.15999999999999998,0,0,4,1,0
335,331,PILOT/GSV_PILOT_407_3.jpg,5,3.4,3,0.24,0,0,3,2,0
336,332,PILOT/GSV_PILOT_407_4.jpg,5,3.2,3,0.15999999999999998,0,0,4,1,0
337,333,PILOT/GSV_PILOT_409_1.jpg,5,3.2,3,0.15999999999999998,0,0,4,1,0
338,334,PILOT/GSV_PILOT_409_2.jpg,5,3.2,3,0.5599999999999999,0,1,2,2,0
339,335,PILOT/GSV_PILOT_409_3.jpg,5,2.8,3,0.15999999999999998,0,1,4,0,0
340,336,PILOT/GSV_PILOT_409_4.jpg,5,2.2,2,0.15999999999999998,0,4,1,0,0
341,337,PILOT/GSV_PILOT_414_1.jpg,5,2.0,2,0.0,0,5,0,0,0
342,338,PILOT/GSV_PILOT_414_2.jpg,5,2.6,3,0.24,0,2,3,0,0
343,339,PILOT/GSV_PILOT_414_3.jpg,5,2.8,3,0.15999999999999998,0,1,4,0,0
344,340,PILOT/GSV_PILOT_414_4.jpg,5,2.6,3,0.24,0,2,3,0,0
345,341,PILOT/GSV_PILOT_415_1.jpg,5,3.0,3,0.4,0,1,3,1,0
346,342,PILOT/GSV_PILOT_415_2.jpg,5,2.4,2,0.24,0,3,2,0,0
347,343,PILOT/GSV_PILOT_415_3.jpg,5,2.4,2,0.24,0,3,2,0,0
348,344,PILOT/GSV_PILOT_415_4.jpg,5,2.0,2,0.4,1,3,1,0,0
349,345,PILOT/GSV_PILOT_416_1.jpg,5,1.8,2,0.56,2,2,1,0,0
350,346,PILOT/GSV_PILOT_416_2.jpg,5,3.0,3,0.4,0,1,3,1,0
351,347,PILOT/GSV_PILOT_416_3.jpg,5,1.8,2,0.56,2,2,1,0,0
352,348,PILOT/GSV_PILOT_416_4.jpg,5,2.4,2,0.24,0,3,2,0,0
353,349,PILOT/GSV_PILOT_418_1.jpg,5,2.2,2,0.5599999999999999,1,2,2,0,0
354,350,PILOT/GSV_PILOT_418_2.jpg,5,2.6,3,0.24,0,2,3,0,0
355,351,PILOT/GSV_PILOT_418_3.jpg,5,2.6,3,0.24,0,2,3,0,0
356,352,PILOT/GSV_PILOT_418_4.jpg,5,3.0,3,0.4,0,1,3,1,0
357,353,PILOT/GSV_PILOT_421_1.jpg,5,2.8,3,0.5599999999999999,0,2,2,1,0
358,354,PILOT/GSV_PILOT_421_2.jpg,5,1.8,2,0.16,1,4,0,0,0
359,355,PILOT/GSV_PILOT_421_3.jpg,5,3.2,3,0.5599999999999999,0,1,2,2,0
360,356,PILOT/GSV_PILOT_421_4.jpg,5,2.4,2,0.24,0,3,2,0,0
361,357,PILOT/GSV_PILOT_422_1.jpg,5,1.8,2,0.56,2,2,1,0,0
362,358,PILOT/GSV_PILOT_422_2.jpg,5,1.6,2,0.24,2,3,0,0,0
363,359,PILOT/GSV_PILOT_422_3.jpg,5,2.4,2,0.24,0,3,2,0,0
364,360,PILOT/GSV_PILOT_422_4.jpg,5,2.8,3,0.5599999999999999,0,2,2,1,0
365,361,PILOT/GSV_PILOT_425_1.jpg,5,2.4,2,0.24,0,3,2,0,0
366,362,PILOT/GSV_PILOT_425_2.jpg,5,2.8,3,0.15999999999999998,0,1,4,0,0
367,363,PILOT/GSV_PILOT_425_3.jpg,5,2.6,3,0.24,0,2,3,0,0
368,364,PILOT/GSV_PILOT_425_4.jpg,5,2.8,3,0.15999999999999998,0,1,4,0,0
369,365,PILOT/GSV_PILOT_426_1.jpg,5,4.2,4,0.15999999999999998,0,0,0,4,1
370,366,PILOT/GSV_PILOT_426_2.jpg,5,3.8,4,0.15999999999999998,0,0,1,4,0
371,367,PILOT/GSV_PILOT_426_3.jpg,5,3.0,3,1.2,1,0,2,2,0
372,368,PILOT/GSV_PILOT_426_4.jpg,5,4.0,4,0.4,0,0,1,3,1
373,369,PILOT/GSV_PILOT_427_1.jpg,5,3.4,4,0.64,0,1,1,3,0
374,370,PILOT/GSV_PILOT_427_2.jpg,5,3.2,3,0.5599999999999999,0,1,2,2,0
375,371,PILOT/GSV_PILOT_427_3.jpg,5,2.6,3,0.24,0,2,3,0,0
376,372,PILOT/GSV_PILOT_427_4.jpg,5,3.0,3,0.8,0,2,1,2,0
377,373,PILOT/GSV_PILOT_428_1.jpg,5,2.2,2,0.5599999999999999,1,2,2,0,0
378,374,PILOT/GSV_PILOT_428_2.jpg,5,1.2,1,0.16,4,1,0,0,0
379,375,PILOT/GSV_PILOT_428_3.jpg,5,1.4,1,0.24,3,2,0,0,0
380,376,PILOT/GSV_PILOT_428_4.jpg,5,2.4,2,0.24,0,3,2,0,0
381,377,PILOT/GSV_PILOT_429_1.jpg,5,1.8,2,0.56,2,2,1,0,0
382,378,PILOT/GSV_PILOT_429_2.jpg,5,1.8,2,0.16000000000000006,1,4,0,0,0
383,379,PILOT/GSV_PILOT_429_3.jpg,5,1.8,2,0.56,2,2,1,0,0
384,380,PILOT/GSV_PILOT_429_4.jpg,5,2.0,2,0.4,1,3,1,0,0
385,381,PILOT/GSV_PILOT_430_1.jpg,5,2.0,2,0.4,1,3,1,0,0
386,382,PILOT/GSV_PILOT_430_2.jpg,5,1.6,2,0.24,2,3,0,0,0
387,383,PILOT/GSV_PILOT_430_3.jpg,5,1.8,2,0.16,1,4,0,0,0
388,384,PILOT/GSV_PILOT_430_4.jpg,5,1.8,2,0.16000000000000006,1,4,0,0,0
389,385,PILOT/GSV_PILOT_432_1.jpg,5,3.8,4,0.15999999999999998,0,0,1,4,0
390,386,PILOT/GSV_PILOT_432_2.jpg,5,3.6,4,0.24,0,0,2,3,0
391,387,PILOT/GSV_PILOT_432_3.jpg,5,2.8,3,0.5599999999999999,0,2,2,1,0
392,388,PILOT/GSV_PILOT_432_4.jpg,5,2.8,3,0.15999999999999998,0,1,4,0,0
393,389,PILOT/GSV_PILOT_434_1.jpg,5,3.4,4,0.64,0,1,1,3,0
394,390,PILOT/GSV_PILOT_434_2.jpg,5,2.8,3,0.5599999999999999,0,2,2,1,0
395,391,PILOT/GSV_PILOT_434_3.jpg,5,3.2,3,0.15999999999999998,0,0,4,1,0
396,392,PILOT/GSV_PILOT_434_4.jpg,5,2.8,3,0.96,1,0,3,1,0
397,393,PILOT/GSV_PILOT_436_1.jpg,5,2.6,3,0.24,0,2,3,0,0
398,394,PILOT/GSV_PILOT_436_2.jpg,5,3.0,3,0.4,0,1,3,1,0
399,395,PILOT/GSV_PILOT_436_3.jpg,5,4.0,4,0.0,0,0,0,5,0
400,396,PILOT/GSV_PILOT_436_4.jpg,5,3.2,3,0.15999999999999998,0,0,4,1,0
401,397,PILOT/GSV_PILOT_437_1.jpg,5,4.2,4,0.15999999999999998,0,0,0,4,1
402,398,PILOT/GSV_PILOT_437_2.jpg,5,4.0,4,0.4,0,0,1,3,1
403,399,PILOT/GSV_PILOT_437_3.jpg,5,4.0,4,0.0,0,0,0,5,0
404,400,PILOT/GSV_PILOT_437_4.jpg,5,3.6,4,0.24,0,0,2,3,0
405,401,PILOT/GSV_PILOT_438_1.jpg,5,3.2,3,0.5599999999999999,0,1,2,2,0
406,402,PILOT/GSV_PILOT_438_2.jpg,5,3.2,3,1.7600000000000002,1,0,2,1,1
407,403,PILOT/GSV_PILOT_438_3.jpg,5,2.8,3,0.96,1,0,3,1,0
408,404,PILOT/GSV_PILOT_438_4.jpg,5,2.2,2,1.3599999999999999,2,1,1,1,0
409,405,PILOT/GSV_PILOT_439_1.jpg,5,2.8,3,0.15999999999999998,0,1,4,0,0
410,406,PILOT/GSV_PILOT_439_2.jpg,5,2.8,3,0.15999999999999998,0,1,4,0,0
411,407,PILOT/GSV_PILOT_439_3.jpg,5,2.2,2,0.5599999999999999,1,2,2,0,0
412,408,PILOT/GSV_PILOT_439_4.jpg,5,3.0,3,1.2,0,2,2,0,1
413,409,PILOT/GSV_PILOT_443_1.jpg,5,4.2,4,0.15999999999999998,0,0,0,4,1
414,410,PILOT/GSV_PILOT_443_2.jpg,5,4.2,4,0.15999999999999998,0,0,0,4,1
415,411,PILOT/GSV_PILOT_443_3.jpg,5,2.8,3,1.3599999999999999,1,1,1,2,0
416,412,PILOT/GSV_PILOT_443_4.jpg,5,3.2,3,0.5599999999999999,0,1,2,2,0
417,413,PILOT/GSV_PILOT_444_1.jpg,5,3.4,4,0.64,0,1,1,3,0
418,414,PILOT/GSV_PILOT_444_2.jpg,5,2.8,3,1.3599999999999999,1,1,1,2,0
419,415,PILOT/GSV_PILOT_444_3.jpg,5,2.2,2,1.3599999999999999,2,1,1,1,0
420,416,PILOT/GSV_PILOT_444_4.jpg,5,2.6,3,1.0400000000000003,1,1,2,1,0
421,417,PILOT/GSV_PILOT_448_1.jpg,5,2.8,3,1.3599999999999999,1,1,1,2,0
422,418,PILOT/GSV_PILOT_448_2.jpg,5,2.0,2,1.2,2,2,0,1,0
423,419,PILOT/GSV_PILOT_448_3.jpg,5,2.6,3,0.24,0,2,3,0,0
424,420,PILOT/GSV_PILOT_448_4.jpg,5,3.6,4,0.64,0,1,0,4,0
425,421,PILOT/GSV_PILOT_449_1.jpg,5,3.8,4,0.5599999999999999,0,0,2,2,1
426,422,PILOT/GSV_PILOT_449_2.jpg,5,3.6,4,1.0400000000000003,0,1,1,2,1
427,423,PILOT/GSV_PILOT_449_3.jpg,5,2.8,3,1.3599999999999999,1,1,1,2,0
428,424,PILOT/GSV_PILOT_449_4.jpg,5,4.0,4,1.2,0,1,0,2,2
429,425,PILOT/GSV_PILOT_453_1.jpg,5,3.8,4,0.96,0,1,0,3,1
430,426,PILOT/GSV_PILOT_453_2.jpg,5,2.2,2,0.15999999999999998,0,4,1,0,0
431,427,PILOT/GSV_PILOT_453_3.jpg,5,3.0,3,0.4,0,1,3,1,0
432,428,PILOT/GSV_PILOT_453_4.jpg,5,3.8,4,0.15999999999999998,0,0,1,4,0
433,429,PILOT/GSV_PILOT_454_1.jpg,5,1.2,1,0.16,4,1,0,0,0
434,430,PILOT/GSV_PILOT_454_2.jpg,5,1.6,1,0.64,3,1,1,0,0
435,431,PILOT/GSV_PILOT_454_3.jpg,5,2.0,2,0.4,1,3,1,0,0
436,432,PILOT/GSV_PILOT_454_4.jpg,5,3.2,3,0.5599999999999999,0,1,2,2,0
437,433,PILOT/GSV_PILOT_459_1.jpg,5,2.4,3,0.64,1,1,3,0,0
438,434,PILOT/GSV_PILOT_459_2.jpg,5,2.4,3,0.64,1,1,3,0,0
439,435,PILOT/GSV_PILOT_459_3.jpg,5,2.4,2,0.64,0,4,0,1,0
440,436,PILOT/GSV_PILOT_459_4.jpg,5,2.0,2,1.2,2,2,0,1,0
441,437,PILOT/GSV_PILOT_465_1.jpg,5,2.2,2,0.5599999999999999,1,2,2,0,0
442,438,PILOT/GSV_PILOT_465_2.jpg,5,2.0,2,0.4,1,3,1,0,0
443,439,PILOT/GSV_PILOT_465_3.jpg,5,2.6,3,1.0400000000000003,1,1,2,1,0
444,440,PILOT/GSV_PILOT_465_4.jpg,5,1.6,1,0.64,3,1,1,0,0
445,441,PILOT/GSV_PILOT_466_1.jpg,5,2.4,3,0.64,1,1,3,0,0
446,442,PILOT/GSV_PILOT_466_2.jpg,5,2.4,3,0.64,1,1,3,0,0
447,443,PILOT/GSV_PILOT_466_3.jpg,5,2.8,3,0.96,1,0,3,1,0
448,444,PILOT/GSV_PILOT_466_4.jpg,5,2.8,3,1.3599999999999999,1,1,1,2,0
449,445,PILOT/GSV_PILOT_467_1.jpg,5,2.8,3,0.96,1,0,3,1,0
450,446,PILOT/GSV_PILOT_467_2.jpg,5,2.2,2,0.5599999999999999,1,2,2,0,0
451,447,PILOT/GSV_PILOT_467_3.jpg,5,3.0,3,0.4,0,1,3,1,0
452,448,PILOT/GSV_PILOT_467_4.jpg,5,2.6,3,1.04,1,1,2,1,0
453,449,PILOT/GSV_PILOT_472_1.jpg,5,2.6,3,0.6400000000000002,1,0,4,0,0
454,450,PILOT/GSV_PILOT_472_2.jpg,5,1.6,2,0.24,2,3,0,0,0
455,451,PILOT/GSV_PILOT_472_3.jpg,5,2.6,3,0.6400000000000002,1,0,4,0,0
456,452,PILOT/GSV_PILOT_472_4.jpg,5,2.6,3,0.24,0,2,3,0,0
457,453,PILOT/GSV_PILOT_473_1.jpg,5,1.8,2,0.16,1,4,0,0,0
458,454,PILOT/GSV_PILOT_473_2.jpg,5,2.0,2,0.4,1,3,1,0,0
459,455,PILOT/GSV_PILOT_473_3.jpg,5,2.8,3,0.15999999999999998,0,1,4,0,0
460,456,PILOT/GSV_PILOT_473_4.jpg,5,2.2,2,2.1600000000000006,2,2,0,0,1
461,457,PILOT/GSV_PILOT_476_1.jpg,5,2.6,3,0.24,0,2,3,0,0
462,458,PILOT/GSV_PILOT_476_2.jpg,5,2.4,2,0.24,0,3,2,0,0
463,459,PILOT/GSV_PILOT_476_3.jpg,5,2.2,2,0.5599999999999999,1,2,2,0,0
464,460,PILOT/GSV_PILOT_476_4.jpg,5,1.4,1,0.24,3,2,0,0,0
465,461,PILOT/GSV_PILOT_477_1.jpg,5,1.8,1,1.3600000000000003,3,1,0,1,0
466,462,PILOT/GSV_PILOT_477_2.jpg,5,2.2,2,2.16,2,2,0,0,1
467,463,PILOT/GSV_PILOT_477_3.jpg,5,2.2,2,1.3599999999999999,2,1,1,1,0
468,464,PILOT/GSV_PILOT_477_4.jpg,5,2.2,2,0.96,1,3,0,1,0
469,465,PILOT/GSV_PILOT_479_1.jpg,5,2.8,3,0.5599999999999999,0,2,2,1,0
470,466,PILOT/GSV_PILOT_479_2.jpg,5,2.8,3,0.96,1,0,3,1,0
471,467,PILOT/GSV_PILOT_479_3.jpg,5,3.8,4,0.15999999999999998,0,0,1,4,0
472,468,PILOT/GSV_PILOT_479_4.jpg,5,3.8,4,0.15999999999999998,0,0,1,4,0
473,469,PILOT/GSV_PILOT_481_1.jpg,5,2.0,2,0.8,2,1,2,0,0
474,470,PILOT/GSV_PILOT_481_2.jpg,5,1.6,2,0.24,2,3,0,0,0
475,471,PILOT/GSV_PILOT_481_3.jpg,5,2.2,2,0.5599999999999999,1,2,2,0,0
476,472,PILOT/GSV_PILOT_481_4.jpg,5,2.4,2,1.04,1,2,1,1,0
477,473,PILOT/GSV_PILOT_484_1.jpg,5,2.2,2,0.5599999999999999,1,2,2,0,0
478,474,PILOT/GSV_PILOT_484_2.jpg,5,2.8,2,1.3599999999999999,0,3,1,0,1
479,475,PILOT/GSV_PILOT_484_3.jpg,5,2.4,2,1.04,1,2,1,1,0
480,476,PILOT/GSV_PILOT_484_4.jpg,5,2.8,3,0.5599999999999999,0,2,2,1,0
481,477,PILOT/GSV_PILOT_485_1.jpg,5,2.2,2,1.3599999999999999,2,1,1,1,0
482,478,PILOT/GSV_PILOT_485_2.jpg,5,2.8,3,0.96,1,0,3,1,0
483,479,PILOT/GSV_PILOT_485_3.jpg,5,2.8,3,0.96,1,0,3,1,0
484,480,PILOT/GSV_PILOT_485_4.jpg,5,2.4,2,1.0400000000000003,1,2,1,1,0
485,481,PILOT/GSV_PILOT_492_1.jpg,5,3.0,3,0.4,0,1,3,1,0
486,482,PILOT/GSV_PILOT_492_2.jpg,5,2.8,3,0.5599999999999999,0,2,2,1,0
487,483,PILOT/GSV_PILOT_492_3.jpg,5,2.6,3,1.04,1,1,2,1,0
488,484,PILOT/GSV_PILOT_492_4.jpg,5,3.2,3,0.5599999999999999,0,1,2,2,0
489,485,PILOT/GSV_PILOT_496_1.jpg,5,2.4,2,0.24,0,3,2,0,0
490,486,PILOT/GSV_PILOT_496_2.jpg,5,3.2,3,0.96,0,1,3,0,1
491,487,PILOT/GSV_PILOT_496_3.jpg,5,3.2,3,0.5599999999999999,0,1,2,2,0
492,488,PILOT/GSV_PILOT_496_4.jpg,5,3.2,3,0.5599999999999999,0,1,2,2,0
493,489,PILOT/GSV_PILOT_497_1.jpg,5,3.4,4,0.64,0,1,1,3,0
494,490,PILOT/GSV_PILOT_497_2.jpg,5,3.2,3,0.5599999999999999,0,1,2,2,0
495,491,PILOT/GSV_PILOT_497_3.jpg,5,3.2,4,0.96,0,2,0,3,0
496,492,PILOT/GSV_PILOT_497_4.jpg,5,3.2,3,0.5599999999999999,0,1,2,2,0
497,493,PILOT/GSV_PILOT_499_1.jpg,5,3.0,3,0.8,0,2,1,2,0
498,494,PILOT/GSV_PILOT_499_2.jpg,5,2.6,2,0.64,0,3,1,1,0
499,495,PILOT/GSV_PILOT_499_3.jpg,5,2.0,2,0.0,0,5,0,0,0
500,496,PILOT/GSV_PILOT_499_4.jpg,5,1.4,1,0.24,3,2,0,0,0
501,497,PILOT/GSV_PILOT_500_1.jpg,5,3.0,3,1.2,0,2,2,0,1
502,498,PILOT/GSV_PILOT_500_2.jpg,5,3.4,4,0.64,0,1,1,3,0
503,499,PILOT/GSV_PILOT_500_3.jpg,5,3.4,4,0.64,0,1,1,3,0
504,500,PILOT/GSV_PILOT_500_4.jpg,5,3.4,4,0.64,0,1,1,3,0
505,501,PILOT/GSV_PILOT_503_1.jpg,5,3.2,3,0.5599999999999999,0,1,2,2,0
506,502,PILOT/GSV_PILOT_503_2.jpg,5,2.6,3,0.24,0,2,3,0,0
507,503,PILOT/GSV_PILOT_503_3.jpg,5,2.6,3,1.04,1,1,2,1,0
508,504,PILOT/GSV_PILOT_503_4.jpg,5,2.6,2,0.64,0,3,1,1,0
509,505,PILOT/GSV_PILOT_507_1.jpg,5,4.2,4,0.15999999999999998,0,0,0,4,1
510,506,PILOT/GSV_PILOT_507_2.jpg,5,4.6,5,0.24000000000000005,0,0,0,2,3
511,507,PILOT/GSV_PILOT_507_3.jpg,5,3.0,4,1.6,1,1,0,3,0
512,508,PILOT/GSV_PILOT_507_4.jpg,5,2.4,2,1.8400000000000003,2,1,0,2,0
513,509,PILOT/GSV_PILOT_508_1.jpg,5,2.4,2,0.64,0,4,0,1,0
514,510,PILOT/GSV_PILOT_508_2.jpg,5,2.6,2,1.4400000000000002,1,2,0,2,0
515,511,PILOT/GSV_PILOT_508_3.jpg,5,2.6,2,0.64,0,3,1,1,0
516,512,PILOT/GSV_PILOT_508_4.jpg,5,2.4,2,1.0400000000000003,1,2,1,1,0
517,513,PILOT/GSV_PILOT_511_1.jpg,5,3.4,4,0.64,0,1,1,3,0
518,514,PILOT/GSV_PILOT_511_2.jpg,5,3.2,4,0.96,0,2,0,3,0
519,515,PILOT/GSV_PILOT_511_3.jpg,5,3.4,4,0.64,0,1,1,3,0
520,516,PILOT/GSV_PILOT_511_4.jpg,5,3.0,4,1.6,1,1,0,3,0
521,517,PILOT/GSV_PILOT_512_1.jpg,5,2.8,3,0.5599999999999999,0,2,2,1,0
522,518,PILOT/GSV_PILOT_512_2.jpg,5,2.8,3,0.5599999999999999,0,2,2,1,0
523,519,PILOT/GSV_PILOT_512_3.jpg,5,2.8,3,1.3599999999999999,1,1,1,2,0
524,520,PILOT/GSV_PILOT_512_4.jpg,5,2.8,3,0.15999999999999998,0,1,4,0,0
525,521,PILOT/GSV_PILOT_514_1.jpg,5,2.2,2,0.5599999999999999,1,2,2,0,0
526,522,PILOT/GSV_PILOT_514_2.jpg,5,3.8,4,0.5599999999999999,0,0,2,2,1
527,523,PILOT/GSV_PILOT_514_3.jpg,5,3.0,3,2.0,1,1,1,1,1
528,524,PILOT/GSV_PILOT_514_4.jpg,5,3.8,4,0.15999999999999998,0,0,1,4,0
529,525,PILOT/GSV_PILOT_515_1.jpg,5,2.8,3,1.3599999999999999,1,1,1,2,0
530,526,PILOT/GSV_PILOT_515_2.jpg,5,1.4,1,0.24,3,2,0,0,0
531,527,PILOT/GSV_PILOT_515_3.jpg,5,2.8,3,1.3599999999999999,1,1,1,2,0
532,528,PILOT/GSV_PILOT_515_4.jpg,5,1.8,2,0.16000000000000006,1,4,0,0,0
533,529,PILOT/GSV_PILOT_516_1.jpg,5,2.8,2,0.96,0,3,0,2,0
534,530,PILOT/GSV_PILOT_516_2.jpg,5,3.4,3,1.04,0,1,2,1,1
535,531,PILOT/GSV_PILOT_516_3.jpg,5,3.4,3,1.0400000000000003,0,1,2,1,1
536,532,PILOT/GSV_PILOT_516_4.jpg,5,4.0,4,0.4,0,0,1,3,1
537,533,PILOT/GSV_PILOT_517_1.jpg,5,3.0,3,1.2,1,0,2,2,0
538,534,PILOT/GSV_PILOT_517_2.jpg,5,3.6,4,0.6400000000000002,0,1,0,4,0
539,535,PILOT/GSV_PILOT_517_3.jpg,5,3.0,3,0.8,0,2,1,2,0
540,536,PILOT/GSV_PILOT_517_4.jpg,5,3.4,3,1.0400000000000003,0,1,2,1,1
541,537,PILOT/GSV_PILOT_520_1.jpg,5,3.0,3,0.8,0,2,1,2,0
542,538,PILOT/GSV_PILOT_520_2.jpg,5,3.0,4,1.6,1,1,0,3,0
543,539,PILOT/GSV_PILOT_520_3.jpg,5,4.0,4,0.0,0,0,0,5,0
544,540,PILOT/GSV_PILOT_520_4.jpg,5,3.4,4,0.64,0,1,1,3,0
545,541,PILOT/GSV_PILOT_523_1.jpg,5,1.8,2,0.16,1,4,0,0,0
546,542,PILOT/GSV_PILOT_523_2.jpg,5,2.2,2,0.96,1,3,0,1,0
547,543,PILOT/GSV_PILOT_523_3.jpg,5,2.4,2,0.24,0,3,2,0,0
548,544,PILOT/GSV_PILOT_523_4.jpg,5,2.0,2,0.0,0,5,0,0,0
549,545,PILOT/GSV_PILOT_527_1.jpg,5,2.2,2,0.5599999999999999,1,2,2,0,0
550,546,PILOT/GSV_PILOT_527_2.jpg,5,2.0,2,0.8,2,1,2,0,0
551,547,PILOT/GSV_PILOT_527_3.jpg,5,2.6,2,0.64,0,3,1,1,0
552,548,PILOT/GSV_PILOT_527_4.jpg,5,2.4,2,1.04,1,2,1,1,0
553,549,PILOT/GSV_PILOT_529_1.jpg,5,4.4,4,0.24000000000000005,0,0,0,3,2
554,550,PILOT/GSV_PILOT_529_2.jpg,5,3.6,3,0.64,0,0,3,1,1
555,551,PILOT/GSV_PILOT_529_3.jpg,5,4.0,4,0.4,0,0,1,3,1
556,552,PILOT/GSV_PILOT_529_4.jpg,5,4.4,4,0.24000000000000005,0,0,0,3,2
557,553,PILOT/GSV_PILOT_530_1.jpg,5,3.4,4,1.4400000000000002,0,2,0,2,1
558,554,PILOT/GSV_PILOT_530_2.jpg,5,2.2,2,0.15999999999999998,0,4,1,0,0
559,555,PILOT/GSV_PILOT_530_3.jpg,5,2.8,2,0.96,0,3,0,2,0
560,556,PILOT/GSV_PILOT_530_4.jpg,5,2.6,2,1.44,1,2,0,2,0
561,557,PILOT/GSV_PILOT_533_1.jpg,5,2.4,2,0.24,0,3,2,0,0
562,558,PILOT/GSV_PILOT_533_2.jpg,5,2.6,2,0.64,0,3,1,1,0
563,559,PILOT/GSV_PILOT_533_3.jpg,5,3.2,4,1.3599999999999999,1,0,1,3,0
564,560,PILOT/GSV_PILOT_533_4.jpg,5,2.8,3,0.5599999999999999,0,2,2,1,0
565,561,PILOT/GSV_PILOT_536_1.jpg,5,1.2,1,0.16,4,1,0,0,0
566,562,PILOT/GSV_PILOT_536_2.jpg,5,3.0,3,0.8,0,2,1,2,0
567,563,PILOT/GSV_PILOT_536_3.jpg,5,3.4,4,0.64,0,1,1,3,0
568,564,PILOT/GSV_PILOT_536_4.jpg,5,2.0,2,0.4,1,3,1,0,0
569,565,PILOT/GSV_PILOT_538_1.jpg,5,2.6,2,0.64,0,3,1,1,0
570,566,PILOT/GSV_PILOT_538_2.jpg,5,3.2,3,0.5599999999999999,0,1,2,2,0
571,567,PILOT/GSV_PILOT_538_3.jpg,5,3.2,3,1.3599999999999999,0,2,1,1,1
572,568,PILOT/GSV_PILOT_538_4.jpg,5,2.6,2,0.64,0,3,1,1,0
573,569,PILOT/GSV_PILOT_539_1.jpg,5,2.4,2,0.6400000000000002,0,4,0,1,0
574,570,PILOT/GSV_PILOT_539_2.jpg,5,2.0,2,1.2,2,2,0,1,0
575,571,PILOT/GSV_PILOT_539_3.jpg,5,2.2,2,0.96,1,3,0,1,0
576,572,PILOT/GSV_PILOT_539_4.jpg,5,3.4,4,0.64,0,1,1,3,0
577,573,PILOT/GSV_PILOT_540_1.jpg,5,2.4,2,0.24,0,3,2,0,0
578,574,PILOT/GSV_PILOT_540_2.jpg,5,3.8,4,0.15999999999999998,0,0,1,4,0
579,575,PILOT/GSV_PILOT_540_3.jpg,5,3.0,3,0.8,0,2,1,2,0
580,576,PILOT/GSV_PILOT_540_4.jpg,5,3.4,4,0.64,0,1,1,3,0
581,577,PILOT/GSV_PILOT_547_1.jpg,5,2.0,2,0.4,1,3,1,0,0
582,578,PILOT/GSV_PILOT_547_2.jpg,5,2.6,2,0.64,0,3,1,1,0
583,579,PILOT/GSV_PILOT_547_3.jpg,5,2.2,2,0.15999999999999998,0,4,1,0,0
584,580,PILOT/GSV_PILOT_547_4.jpg,5,2.4,2,0.64,0,4,0,1,0
585,581,PILOT/GSV_PILOT_548_1.jpg,5,3.0,3,0.8,0,2,1,2,0
586,582,PILOT/GSV_PILOT_548_2.jpg,5,4.0,4,0.0,0,0,0,5,0
587,583,PILOT/GSV_PILOT_548_3.jpg,5,3.2,3,0.5599999999999999,0,1,2,2,0
588,584,PILOT/GSV_PILOT_548_4.jpg,5,3.0,3,0.8,0,2,1,2,0
589,585,PILOT/GSV_PILOT_555_1.jpg,5,2.8,2,0.96,0,3,0,2,0
590,586,PILOT/GSV_PILOT_555_2.jpg,5,2.8,2,0.96,0,3,0,2,0
591,587,PILOT/GSV_PILOT_555_3.jpg,5,3.4,4,0.64,0,1,1,3,0
592,588,PILOT/GSV_PILOT_555_4.jpg,5,3.4,4,1.4400000000000002,0,2,0,2,1
593,589,PILOT/GSV_PILOT_556_1.jpg,5,3.8,4,0.15999999999999998,0,0,1,4,0
594,590,PILOT/GSV_PILOT_556_2.jpg,5,3.6,4,1.8400000000000003,1,0,0,3,1
595,591,PILOT/GSV_PILOT_556_3.jpg,5,3.8,4,0.96,0,1,0,3,1
596,592,PILOT/GSV_PILOT_556_4.jpg,5,3.4,3,0.24,0,0,3,2,0
597,593,PILOT/GSV_PILOT_559_1.jpg,5,2.8,3,0.5599999999999999,0,2,2,1,0
598,594,PILOT/GSV_PILOT_559_2.jpg,5,3.8,4,0.15999999999999998,0,0,1,4,0
599,595,PILOT/GSV_PILOT_559_3.jpg,5,3.0,3,0.8,0,2,1,2,0
600,596,PILOT/GSV_PILOT_559_4.jpg,5,1.8,2,0.16,1,4,0,0,0
601,597,PILOT/GSV_PILOT_561_1.jpg,5,3.2,3,0.5599999999999999,0,1,2,2,0
602,598,PILOT/GSV_PILOT_561_2.jpg,5,2.6,2,0.64,0,3,1,1,0
603,599,PILOT/GSV_PILOT_561_3.jpg,5,4.2,4,0.5599999999999999,0,0,1,2,2
604,600,PILOT/GSV_PILOT_561_4.jpg,5,3.2,3,1.3599999999999999,0,2,1,1,1
605,601,PILOT/GSV_PILOT_564_1.jpg,5,2.0,2,1.2,2,2,0,1,0
606,602,PILOT/GSV_PILOT_564_2.jpg,5,1.2,1,0.16,4,1,0,0,0
607,603,PILOT/GSV_PILOT_564_3.jpg,5,1.6,2,0.24,2,3,0,0,0
608,604,PILOT/GSV_PILOT_564_4.jpg,5,2.0,2,1.2,2,2,0,1,0
609,605,PILOT/GSV_PILOT_567_1.jpg,5,4.0,4,0.4,0,0,1,3,1
610,606,PILOT/GSV_PILOT_567_2.jpg,5,3.2,4,1.3599999999999999,1,0,1,3,0
611,607,PILOT/GSV_PILOT_567_3.jpg,5,4.0,4,0.4,0,0,1,3,1
612,608,PILOT/GSV_PILOT_567_4.jpg,5,3.4,4,0.64,0,1,1,3,0
613,609,PILOT/GSV_PILOT_569_1.jpg,5,4.0,4,0.4,0,0,1,3,1
614,610,PILOT/GSV_PILOT_569_2.jpg,5,3.4,3,0.24,0,0,3,2,0
615,611,PILOT/GSV_PILOT_569_3.jpg,5,3.6,4,0.24,0,0,2,3,0
616,612,PILOT/GSV_PILOT_569_4.jpg,5,3.2,3,0.5599999999999999,0,1,2,2,0
617,613,PILOT/GSV_PILOT_570_1.jpg,5,2.4,2,0.24,0,3,2,0,0
618,614,PILOT/GSV_PILOT_570_2.jpg,5,2.0,2,0.0,0,5,0,0,0
619,615,PILOT/GSV_PILOT_570_3.jpg,5,2.4,2,1.04,1,2,1,1,0
620,616,PILOT/GSV_PILOT_570_4.jpg,5,2.6,2,0.64,0,3,1,1,0
621,617,PILOT/GSV_PILOT_578_1.jpg,5,3.8,4,0.15999999999999998,0,0,1,4,0
622,618,PILOT/GSV_PILOT_578_2.jpg,5,3.8,4,0.5599999999999999,0,0,2,2,1
623,619,PILOT/GSV_PILOT_578_3.jpg,5,4.0,4,0.4,0,0,1,3,1
624,620,PILOT/GSV_PILOT_578_4.jpg,5,4.0,4,0.4,0,0,1,3,1
625,621,PILOT/GSV_PILOT_579_1.jpg,5,3.0,3,0.4,0,1,3,1,0
626,622,PILOT/GSV_PILOT_579_2.jpg,5,3.2,3,0.5599999999999999,0,1,2,2,0
627,623,PILOT/GSV_PILOT_579_3.jpg,5,3.0,3,0.8,0,2,1,2,0
628,624,PILOT/GSV_PILOT_579_4.jpg,5,3.4,4,0.64,0,1,1,3,0
629,625,PILOT/GSV_PILOT_582_1.jpg,5,3.0,3,0.8,0,2,1,2,0
630,626,PILOT/GSV_PILOT_582_2.jpg,5,2.6,3,0.24,0,2,3,0,0
631,627,PILOT/GSV_PILOT_582_3.jpg,5,2.4,2,1.0400000000000003,1,2,1,1,0
632,628,PILOT/GSV_PILOT_582_4.jpg,5,3.6,4,1.0400000000000003,0,1,1,2,1
633,629,PILOT/GSV_PILOT_587_1.jpg,5,3.2,3,0.5599999999999999,0,1,2,2,0
634,630,PILOT/GSV_PILOT_587_2.jpg,5,3.8,4,0.15999999999999998,0,0,1,4,0
635,631,PILOT/GSV_PILOT_587_3.jpg,5,3.0,3,1.2,1,0,2,2,0
636,632,PILOT/GSV_PILOT_587_4.jpg,5,3.6,4,0.24,0,0,2,3,0
637,633,PILOT/GSV_PILOT_589_1.jpg,5,3.6,4,0.24,0,0,2,3,0
638,634,PILOT/GSV_PILOT_589_2.jpg,5,3.0,3,0.8,0,2,1,2,0
639,635,PILOT/GSV_PILOT_589_3.jpg,5,3.4,4,0.64,0,1,1,3,0
640,636,PILOT/GSV_PILOT_589_4.jpg,5,4.2,4,0.15999999999999998,0,0,0,4,1
641,637,PILOT/GSV_PILOT_594_1.jpg,5,4.2,4,0.5599999999999999,0,0,1,2,2
642,638,PILOT/GSV_PILOT_594_2.jpg,5,3.8,4,1.3599999999999999,0,1,1,1,2
643,639,PILOT/GSV_PILOT_594_3.jpg,5,3.4,4,0.64,0,1,1,3,0
644,640,PILOT/GSV_PILOT_594_4.jpg,5,4.4,4,0.24000000000000005,0,0,0,3,2
645,641,PILOT/GSV_PILOT_595_1.jpg,5,4.0,4,0.0,0,0,0,5,0
646,642,PILOT/GSV_PILOT_595_2.jpg,5,4.4,4,0.24,0,0,0,3,2
647,643,PILOT/GSV_PILOT_595_3.jpg,5,4.2,4,0.15999999999999998,0,0,0,4,1
648,644,PILOT/GSV_PILOT_595_4.jpg,5,4.6,5,0.24000000000000005,0,0,0,2,3
649,645,PILOT/GSV_PILOT_598_1.jpg,5,2.6,2,0.64,0,3,1,1,0
650,646,PILOT/GSV_PILOT_598_2.jpg,5,3.4,3,0.24,0,0,3,2,0
651,647,PILOT/GSV_PILOT_598_3.jpg,5,2.8,3,0.5599999999999999,0,2,2,1,0
652,648,PILOT/GSV_PILOT_598_4.jpg,5,3.2,3,0.15999999999999998,0,0,4,1,0
653,649,PILOT/GSV_PILOT_599_1.jpg,5,3.0,3,0.8,0,2,1,2,0
654,650,PILOT/GSV_PILOT_599_2.jpg,5,3.0,3,0.8,0,2,1,2,0
655,651,PILOT/GSV_PILOT_599_3.jpg,5,2.4,2,0.24,0,3,2,0,0
656,652,PILOT/GSV_PILOT_599_4.jpg,5,3.4,4,0.64,0,1,1,3,0
657,653,PILOT/GSV_PILOT_600_1.jpg,5,2.6,3,0.24,0,2,3,0,0
658,654,PILOT/GSV_PILOT_600_2.jpg,5,3.2,3,0.15999999999999998,0,0,4,1,0
659,655,PILOT/GSV_PILOT_600_3.jpg,5,2.0,2,0.4,1,3,1,0,0
660,656,PILOT/GSV_PILOT_600_4.jpg,4,1.75,2,0.1875,1,3,0,0,0
661,657,PILOT/GSV_PILOT_602_1.jpg,5,2.8,3,1.7600000000000005,1,1,2,0,1
662,658,PILOT/GSV_PILOT_602_2.jpg,5,2.6,2,0.64,0,3,1,1,0
663,659,PILOT/GSV_PILOT_602_3.jpg,5,2.4,2,1.0400000000000003,1,2,1,1,0
664,660,PILOT/GSV_PILOT_602_4.jpg,5,2.6,2,0.64,0,3,1,1,0
665,661,PILOT/GSV_PILOT_606_1.jpg,5,2.8,3,0.5599999999999999,0,2,2,1,0
666,662,PILOT/GSV_PILOT_606_2.jpg,5,3.4,4,0.64,0,1,1,3,0
667,663,PILOT/GSV_PILOT_606_3.jpg,5,4.0,4,0.4,0,0,1,3,1
668,664,PILOT/GSV_PILOT_606_4.jpg,5,3.4,3,0.24,0,0,3,2,0
669,665,PILOT/GSV_PILOT_607_1.jpg,5,3.4,4,0.64,0,1,1,3,0
670,666,PILOT/GSV_PILOT_607_2.jpg,5,2.2,2,0.15999999999999998,0,4,1,0,0
671,667,PILOT/GSV_PILOT_607_3.jpg,5,2.6,3,0.24,0,2,3,0,0
672,668,PILOT/GSV_PILOT_607_4.jpg,4,2.25,2,0.1875,0,3,1,0,0
673,669,PILOT/GSV_PILOT_610_1.jpg,5,3.0,3,0.4,0,1,3,1,0
674,670,PILOT/GSV_PILOT_610_2.jpg,5,2.0,2,0.4,1,3,1,0,0
675,671,PILOT/GSV_PILOT_610_3.jpg,5,1.6,2,0.24,2,3,0,0,0
676,672,PILOT/GSV_PILOT_610_4.jpg,5,2.8,2,0.96,0,3,0,2,0
677,673,PILOT/GSV_PILOT_611_1.jpg,5,2.6,3,0.24,0,2,3,0,0
678,674,PILOT/GSV_PILOT_611_2.jpg,5,3.0,3,0.4,0,1,3,1,0
679,675,PILOT/GSV_PILOT_611_3.jpg,5,3.4,4,0.64,0,1,1,3,0
680,676,PILOT/GSV_PILOT_611_4.jpg,5,1.6,2,0.24,2,3,0,0,0
681,677,PILOT/GSV_PILOT_612_1.jpg,5,2.8,3,0.15999999999999998,0,1,4,0,0
682,678,PILOT/GSV_PILOT_612_2.jpg,5,3.0,3,0.4,0,1,3,1,0
683,679,PILOT/GSV_PILOT_612_3.jpg,5,3.2,3,0.5599999999999999,0,1,2,2,0
684,680,PILOT/GSV_PILOT_612_4.jpg,5,3.0,3,0.4,0,1,3,1,0
685,681,PILOT/GSV_PILOT_615_1.jpg,5,3.8,4,0.15999999999999998,0,0,1,4,0
686,682,PILOT/GSV_PILOT_615_2.jpg,5,3.6,4,0.6400000000000002,0,1,0,4,0
687,683,PILOT/GSV_PILOT_615_3.jpg,5,3.8,4,0.15999999999999998,0,0,1,4,0
688,684,PILOT/GSV_PILOT_615_4.jpg,5,3.2,3,0.5599999999999999,0,1,2,2,0
689,685,PILOT/GSV_PILOT_620_1.jpg,5,3.6,4,0.6400000000000002,0,1,0,4,0
690,686,PILOT/GSV_PILOT_620_2.jpg,5,3.6,4,0.24,0,0,2,3,0
691,687,PILOT/GSV_PILOT_620_3.jpg,5,2.6,3,0.24,0,2,3,0,0
692,688,PILOT/GSV_PILOT_620_4.jpg,5,2.2,2,0.15999999999999998,0,4,1,0,0
693,689,PILOT/GSV_PILOT_623_1.jpg,5,3.8,4,0.15999999999999998,0,0,1,4,0
694,690,PILOT/GSV_PILOT_623_2.jpg,5,2.8,3,0.5599999999999999,0,2,2,1,0
695,691,PILOT/GSV_PILOT_623_3.jpg,5,3.8,4,0.15999999999999998,0,0,1,4,0
696,692,PILOT/GSV_PILOT_623_4.jpg,5,2.8,3,0.15999999999999998,0,1,4,0,0
697,693,PILOT/GSV_PILOT_624_1.jpg,5,2.4,3,0.64,1,1,3,0,0
698,694,PILOT/GSV_PILOT_624_2.jpg,5,2.4,2,1.04,1,2,1,1,0
699,695,PILOT/GSV_PILOT_624_3.jpg,5,3.0,3,0.8,0,2,1,2,0
700,696,PILOT/GSV_PILOT_624_4.jpg,5,2.2,2,0.5599999999999999,1,2,2,0,0
701,697,PILOT/GSV_PILOT_628_1.jpg,5,2.0,2,0.4,1,3,1,0,0
702,698,PILOT/GSV_PILOT_628_2.jpg,5,3.2,3,0.5599999999999999,0,1,2,2,0
703,699,PILOT/GSV_PILOT_628_3.jpg,5,2.2,2,0.15999999999999998,0,4,1,0,0
704,700,PILOT/GSV_PILOT_628_4.jpg,5,2.0,2,0.4,1,3,1,0,0
705,701,PILOT/GSV_PILOT_634_1.jpg,5,1.8,2,0.16000000000000006,1,4,0,0,0
706,702,PILOT/GSV_PILOT_634_2.jpg,5,2.4,3,0.64,1,1,3,0,0
707,703,PILOT/GSV_PILOT_634_3.jpg,5,2.2,2,0.15999999999999998,0,4,1,0,0
708,704,PILOT/GSV_PILOT_634_4.jpg,5,3.0,3,0.4,0,1,3,1,0
709,705,PILOT/GSV_PILOT_640_1.jpg,5,2.0,2,0.0,0,5,0,0,0
710,706,PILOT/GSV_PILOT_640_2.jpg,5,1.8,2,0.16,1,4,0,0,0
711,707,PILOT/GSV_PILOT_640_3.jpg,5,2.4,2,0.24,0,3,2,0,0
712,708,PILOT/GSV_PILOT_640_4.jpg,5,1.8,2,0.16000000000000006,1,4,0,0,0
713,709,PILOT/GSV_PILOT_641_1.jpg,5,1.8,2,0.16000000000000006,1,4,0,0,0
714,710,PILOT/GSV_PILOT_641_2.jpg,5,1.8,2,0.56,2,2,1,0,0
715,711,PILOT/GSV_PILOT_641_3.jpg,5,1.6,2,0.24,2,3,0,0,0
716,712,PILOT/GSV_PILOT_641_4.jpg,5,1.8,2,0.16,1,4,0,0,0
717,713,PILOT/GSV_PILOT_642_1.jpg,5,3.4,4,0.64,0,1,1,3,0
718,714,PILOT/GSV_PILOT_642_2.jpg,5,3.0,3,1.2,1,0,2,2,0
719,715,PILOT/GSV_PILOT_642_3.jpg,5,3.8,4,0.15999999999999998,0,0,1,4,0
720,716,PILOT/GSV_PILOT_642_4.jpg,5,3.8,4,0.15999999999999998,0,0,1,4,0
721,717,PILOT/GSV_PILOT_644_1.jpg,5,2.4,2,1.04,1,2,1,1,0
722,718,PILOT/GSV_PILOT_644_2.jpg,5,3.0,3,0.8,0,2,1,2,0
723,719,PILOT/GSV_PILOT_644_3.jpg,5,3.6,4,0.24,0,0,2,3,0
724,720,PILOT/GSV_PILOT_644_4.jpg,5,2.6,2,0.64,0,3,1,1,0
725,721,PILOT/GSV_PILOT_646_1.jpg,5,2.8,3,0.5599999999999999,0,2,2,1,0
726,722,PILOT/GSV_PILOT_646_2.jpg,5,3.2,3,0.5599999999999999,0,1,2,2,0
727,723,PILOT/GSV_PILOT_646_3.jpg,5,3.4,4,0.64,0,1,1,3,0
728,724,PILOT/GSV_PILOT_646_4.jpg,5,2.8,3,0.15999999999999998,0,1,4,0,0
729,725,PILOT/GSV_PILOT_649_1.jpg,5,2.6,3,0.24,0,2,3,0,0
730,726,PILOT/GSV_PILOT_649_2.jpg,5,2.4,2,0.24,0,3,2,0,0
731,727,PILOT/GSV_PILOT_649_3.jpg,5,2.8,3,0.5599999999999999,0,2,2,1,0
732,728,PILOT/GSV_PILOT_649_4.jpg,5,2.2,2,0.15999999999999998,0,4,1,0,0
733,729,PILOT/GSV_PILOT_650_1.jpg,5,2.2,2,0.15999999999999998,0,4,1,0,0
734,730,PILOT/GSV_PILOT_650_2.jpg,5,2.0,2,1.2,2,2,0,1,0
735,731,PILOT/GSV_PILOT_650_3.jpg,5,1.8,2,0.16,1,4,0,0,0
736,732,PILOT/GSV_PILOT_650_4.jpg,5,2.4,2,0.24,0,3,2,0,0
737,733,PILOT/GSV_PILOT_653_1.jpg,5,3.0,3,0.4,0,1,3,1,0
738,734,PILOT/GSV_PILOT_653_2.jpg,5,3.6,4,0.24,0,0,2,3,0
739,735,PILOT/GSV_PILOT_653_3.jpg,5,3.0,3,0.4,0,1,3,1,0
740,736,PILOT/GSV_PILOT_653_4.jpg,5,3.0,3,0.4,0,1,3,1,0
741,737,PILOT/GSV_PILOT_654_1.jpg,5,3.2,3,0.15999999999999998,0,0,4,1,0
742,738,PILOT/GSV_PILOT_654_2.jpg,5,2.8,3,0.5599999999999999,0,2,2,1,0
743,739,PILOT/GSV_PILOT_654_3.jpg,5,3.0,3,1.2,0,2,2,0,1
744,740,PILOT/GSV_PILOT_654_4.jpg,5,3.2,3,0.5599999999999999,0,1,2,2,0
745,741,PILOT/GSV_PILOT_655_1.jpg,5,3.4,3,0.24,0,0,3,2,0
746,742,PILOT/GSV_PILOT_655_2.jpg,5,2.6,3,0.24,0,2,3,0,0
747,743,PILOT/GSV_PILOT_655_3.jpg,5,3.4,4,0.64,0,1,1,3,0
748,744,PILOT/GSV_PILOT_655_4.jpg,5,3.6,3,0.64,0,0,3,1,1
749,745,PILOT/GSV_PILOT_662_1.jpg,5,2.8,3,0.5599999999999999,0,2,2,1,0
750,746,PILOT/GSV_PILOT_662_2.jpg,5,2.4,2,0.64,0,4,0,1,0
751,747,PILOT/GSV_PILOT_662_3.jpg,5,4.0,4,0.8,0,0,2,1,2
752,748,PILOT/GSV_PILOT_662_4.jpg,5,2.4,2,0.24,0,3,2,0,0
753,749,PILOT/GSV_PILOT_666_1.jpg,5,4.0,4,0.4,0,0,1,3,1
754,750,PILOT/GSV_PILOT_666_2.jpg,5,4.4,4,0.24000000000000005,0,0,0,3,2
755,751,PILOT/GSV_PILOT_666_3.jpg,5,3.8,4,0.96,0,1,0,3,1
756,752,PILOT/GSV_PILOT_666_4.jpg,5,4.0,4,0.0,0,0,0,5,0
757,753,PILOT/GSV_PILOT_668_1.jpg,5,3.2,3,0.15999999999999998,0,0,4,1,0
758,754,PILOT/GSV_PILOT_668_2.jpg,5,3.2,3,0.15999999999999998,0,0,4,1,0
759,755,PILOT/GSV_PILOT_668_3.jpg,5,3.0,3,0.8,0,2,1,2,0
760,756,PILOT/GSV_PILOT_668_4.jpg,5,3.0,3,0.4,0,1,3,1,0
761,757,PILOT/GSV_PILOT_669_1.jpg,5,3.6,4,0.24,0,0,2,3,0
762,758,PILOT/GSV_PILOT_669_2.jpg,5,3.4,3,0.24,0,0,3,2,0
763,759,PILOT/GSV_PILOT_669_3.jpg,5,3.4,3,0.24,0,0,3,2,0
764,760,PILOT/GSV_PILOT_669_4.jpg,5,3.2,3,0.5599999999999999,0,1,2,2,0
765,761,PILOT/GSV_PILOT_670_1.jpg,5,3.4,3,0.24,0,0,3,2,0
766,762,PILOT/GSV_PILOT_670_2.jpg,5,2.0,2,0.4,1,3,1,0,0
767,763,PILOT/GSV_PILOT_670_3.jpg,5,2.0,2,0.4,1,3,1,0,0
768,764,PILOT/GSV_PILOT_670_4.jpg,5,2.2,2,0.15999999999999998,0,4,1,0,0
769,765,PILOT/GSV_PILOT_673_1.jpg,5,3.4,3,0.24,0,0,3,2,0
770,766,PILOT/GSV_PILOT_673_2.jpg,5,3.8,4,0.5599999999999999,0,0,2,2,1
771,767,PILOT/GSV_PILOT_673_3.jpg,5,3.0,3,0.4,0,1,3,1,0
772,768,PILOT/GSV_PILOT_673_4.jpg,5,3.4,3,0.6400000000000002,0,0,4,0,1
773,769,PILOT/GSV_PILOT_675_1.jpg,5,3.0,3,1.2,1,0,2,2,0
774,770,PILOT/GSV_PILOT_675_2.jpg,5,2.4,2,0.24,0,3,2,0,0
775,771,PILOT/GSV_PILOT_675_3.jpg,5,3.0,3,0.0,0,0,5,0,0
776,772,PILOT/GSV_PILOT_675_4.jpg,5,2.6,3,0.24,0,2,3,0,0
777,773,PILOT/GSV_PILOT_681_1.jpg,5,2.2,2,0.96,1,3,0,1,0
778,774,PILOT/GSV_PILOT_681_2.jpg,5,2.0,2,0.8,2,1,2,0,0
779,775,PILOT/GSV_PILOT_681_3.jpg,5,1.6,1,0.64,3,1,1,0,0
780,776,PILOT/GSV_PILOT_681_4.jpg,5,1.8,2,0.56,2,2,1,0,0
781,777,PILOT/GSV_PILOT_684_1.jpg,5,2.8,3,0.5599999999999999,0,2,2,1,0
782,778,PILOT/GSV_PILOT_684_2.jpg,5,2.6,3,0.24,0,2,3,0,0
783,779,PILOT/GSV_PILOT_684_3.jpg,5,2.4,2,0.24,0,3,2,0,0
784,780,PILOT/GSV_PILOT_684_4.jpg,5,3.0,3,0.0,0,0,5,0,0
785,781,PILOT/GSV_PILOT_685_1.jpg,5,3.4,3,0.24,0,0,3,2,0
786,782,PILOT/GSV_PILOT_685_2.jpg,5,2.8,3,0.5599999999999999,0,2,2,1,0
787,783,PILOT/GSV_PILOT_685_3.jpg,5,3.0,3,0.4,0,1,3,1,0
788,784,PILOT/GSV_PILOT_685_4.jpg,5,3.4,3,0.24,0,0,3,2,0
789,785,PILOT/GSV_PILOT_686_1.jpg,5,2.8,3,0.5599999999999999,0,2,2,1,0
790,786,PILOT/GSV_PILOT_686_2.jpg,5,2.0,2,0.4,1,3,1,0,0
791,787,PILOT/GSV_PILOT_686_3.jpg,5,2.4,2,0.24,0,3,2,0,0
792,788,PILOT/GSV_PILOT_686_4.jpg,5,2.4,2,0.24,0,3,2,0,0
793,789,PILOT/GSV_PILOT_687_1.jpg,5,2.8,3,0.15999999999999998,0,1,4,0,0
794,790,PILOT/GSV_PILOT_687_2.jpg,5,2.6,2,0.64,0,3,1,1,0
795,791,PILOT/GSV_PILOT_687_3.jpg,5,2.8,3,0.5599999999999999,0,2,2,1,0
796,792,PILOT/GSV_PILOT_687_4.jpg,5,1.8,2,0.56,2,2,1,0,0
797,793,PILOT/GSV_PILOT_689_1.jpg,5,2.0,2,0.4,1,3,1,0,0
798,794,PILOT/GSV_PILOT_689_2.jpg,5,1.8,2,0.56,2,2,1,0,0
799,795,PILOT/GSV_PILOT_689_3.jpg,5,2.8,3,0.5599999999999999,0,2,2,1,0
800,796,PILOT/GSV_PILOT_689_4.jpg,5,2.0,2,0.4,1,3,1,0,0
801,797,PILOT/GSV_PILOT_699_1.jpg,5,2.6,3,0.24,0,2,3,0,0
802,798,PILOT/GSV_PILOT_699_2.jpg,5,3.2,3,0.5599999999999999,0,1,2,2,0
803,799,PILOT/GSV_PILOT_699_3.jpg,5,3.8,4,0.15999999999999998,0,0,1,4,0
804,800,PILOT/GSV_PILOT_699_4.jpg,5,3.8,4,0.5599999999999999,0,0,2,2,1
